-- phpMyAdmin SQL Dump
-- version 5.2.1
-- https://www.phpmyadmin.net/
--
-- Servidor: 127.0.0.1
-- Tiempo de generación: 09-08-2024 a las 18:56:53
-- Versión del servidor: 10.4.28-MariaDB
-- Versión de PHP: 8.2.4

SET SQL_MODE = "NO_AUTO_VALUE_ON_ZERO";
START TRANSACTION;
SET time_zone = "+00:00";

--
-- Base de datos: `sistema_academico`
--

-- --------------------------------------------------------

--
-- Estructura de tabla para la tabla `asistencia`
--

CREATE TABLE `asistencia` (
  `idAsistencia` int(11) NOT NULL,
  `Asist_estado` int(11) NOT NULL,
  `Fecha` datetime NOT NULL,
  `idUser_estudiante` int(11) NOT NULL
) ENGINE=InnoDB DEFAULT CHARSET=utf8mb4 COLLATE=utf8mb4_general_ci;

--
-- Volcado de datos para la tabla `asistencia`
--

INSERT INTO `asistencia` (`idAsistencia`, `Asist_estado`, `Fecha`, `idUser_estudiante`) VALUES
(17, 1, '2024-08-08 00:00:00', 1),
(18, 1, '2024-08-08 00:00:00', 2),
(19, 1, '2024-08-08 00:00:00', 3),
(20, 1, '2024-08-08 00:00:00', 4),
(21, 1, '2024-08-09 00:00:00', 1),
(22, 1, '2024-08-09 00:00:00', 2),
(23, 1, '2024-08-09 00:00:00', 3),
(24, 1, '2024-08-09 00:00:00', 4),
(25, 1, '2024-08-07 00:00:00', 2),
(26, 1, '2024-08-07 00:00:00', 3),
(27, 1, '2024-08-07 00:00:00', 4);

-- --------------------------------------------------------

--
-- Estructura de tabla para la tabla `calificacion`
--

CREATE TABLE `calificacion` (
  `idCalificacion` int(11) NOT NULL,
  `Nota` int(11) DEFAULT NULL,
  `Archivo` longblob DEFAULT NULL,
  `idEvaluacion` int(11) NOT NULL,
  `idCurso` int(11) NOT NULL,
  `idUser_estudiante` int(11) NOT NULL
) ENGINE=InnoDB DEFAULT CHARSET=utf8mb4 COLLATE=utf8mb4_general_ci;

--
-- Volcado de datos para la tabla `calificacion`
--

INSERT INTO `calificacion` (`idCalificacion`, `Nota`, `Archivo`, `idEvaluacion`, `idCurso`, `idUser_estudiante`) VALUES
(1, 15, NULL, 1, 1, 1),
(2, 13, NULL, 1, 1, 2),
(3, 14, NULL, 1, 1, 3),
(4, 16, NULL, 1, 1, 4),
(5, 12, NULL, 1, 1, 5),
(6, 12, NULL, 2, 1, 3);

-- --------------------------------------------------------

--
-- Estructura de tabla para la tabla `curso`
--

CREATE TABLE `curso` (
  `idCurso` int(11) NOT NULL,
  `Nombre` varchar(45) NOT NULL,
  `Descripcion` varchar(100) DEFAULT NULL
) ENGINE=InnoDB DEFAULT CHARSET=utf8mb4 COLLATE=utf8mb4_general_ci;

--
-- Volcado de datos para la tabla `curso`
--

INSERT INTO `curso` (`idCurso`, `Nombre`, `Descripcion`) VALUES
(1, 'Lengua y Literatura', 'Desarrollo de habilidades de lectura, escritura, comprensión y expresión oral.'),
(2, 'Matemáticas', 'Fundamentos de aritmética, geometría y resolución de problemas matemáticos.'),
(3, 'Ciencias Naturales', 'Exploración de conceptos básicos sobre el mundo natural, los seres vivos y los procesos físicos.'),
(4, 'Ciencias Sociales', 'Estudio de la sociedad, la historia, la geografía y la cultura.'),
(5, 'Arte', 'Expresión creativa a través de actividades musicales y artísticas.'),
(6, 'Educación Física', 'Actividades para promover el desarrollo físico, habilidades motrices y el trabajo en equipo.'),
(7, 'Educación para la Ciudadanía', 'Formación en valores, ética y habilidades para la vida en sociedad.'),
(8, 'Inglés', 'Aprendizaje y práctica del idioma inglés para mejorar la comunicación.'),
(12, 'Computación', 'Introducción a conceptos básicos de informática, uso de software y habilidades digitales esenciales.'),
(13, 'Religión', 'Estudio de principios, prácticas y valores de diversas religiones y creencias.');

-- --------------------------------------------------------

--
-- Estructura de tabla para la tabla `datos_domicilio`
--

CREATE TABLE `datos_domicilio` (
  `idDatos_Domicilio` int(11) NOT NULL,
  `Direccion` varchar(45) NOT NULL,
  `idDepartamento` int(11) NOT NULL,
  `idProvincia` int(11) NOT NULL,
  `idDistrito` int(11) NOT NULL,
  `idUsuario` int(11) NOT NULL
) ENGINE=InnoDB DEFAULT CHARSET=utf8mb4 COLLATE=utf8mb4_general_ci;

--
-- Volcado de datos para la tabla `datos_domicilio`
--

INSERT INTO `datos_domicilio` (`idDatos_Domicilio`, `Direccion`, `idDepartamento`, `idProvincia`, `idDistrito`, `idUsuario`) VALUES
(1, 'Calle #123', 14, 125, 1215, 3),
(2, 'Calle #456', 14, 125, 1215, 2),
(12, 'Casa #123', 14, 125, 1215, 31),
(13, 'Casa #456', 14, 127, 1215, 32),
(14, 'Casa #456', 14, 127, 1215, 33),
(15, 'Casa #456', 14, 127, 1215, 34),
(16, 'Casa #789', 14, 127, 1215, 35),
(17, 'Casa #789', 14, 127, 1215, 36),
(18, 'Casa #101', 14, 127, 1215, 37);

-- --------------------------------------------------------

--
-- Estructura de tabla para la tabla `datos_personales`
--

CREATE TABLE `datos_personales` (
  `idDatos_Personales` int(11) NOT NULL,
  `Nombre_apellido` varchar(45) NOT NULL,
  `Fecha_Nacimiento` datetime NOT NULL,
  `Sexo` int(11) NOT NULL,
  `Correo` varchar(45) NOT NULL,
  `Celular` varchar(45) DEFAULT NULL,
  `Foto` blob NOT NULL,
  `idUsuario` int(11) NOT NULL
) ENGINE=InnoDB DEFAULT CHARSET=utf8mb4 COLLATE=utf8mb4_general_ci;

--
-- Volcado de datos para la tabla `datos_personales`
--

INSERT INTO `datos_personales` (`idDatos_Personales`, `Nombre_apellido`, `Fecha_Nacimiento`, `Sexo`, `Correo`, `Celular`, `Foto`, `idUsuario`) VALUES
(1, 'Nombre Administrador', '1985-12-10 00:00:00', 2, 'admin@example.com', '987654321', '', 1);
INSERT INTO `datos_personales` (`idDatos_Personales`, `Nombre_apellido`, `Fecha_Nacimiento`, `Sexo`, `Correo`, `Celular`, `Foto`, `idUsuario`) VALUES
(2, 'Nombre Estudiante', '2019-05-15 00:00:00', 1, 'estudiante@example.com', '', 0x89504e470d0a1a0a0000000d49484452000000fc000000fc080600000053abc967000000017352474200aece1ce90000000467414d410000b18f0bfc6105000000097048597300000ec300000ec301c76fa8640000d56449444154785eecbd05a064d77525ba8ab9ea31bfd7ccdd6a104b16d8025bc638766cc710ce24f140f2831e4efe403299cc6432901927711c3b6066922dc962866eb59ab9fb31d52b66f86bed5b4f6acb824ebe3552ebd5ee3eefdeba702e9db5e9ecb38fab49c2cb502a956aadbd3c757474b4d65e9ada755e18b5eb7c796ad77961e4f6fae06eadb7a94d6d5a01d4067c9bdab482a80df836b56905511bf06d6ad30aa236e0dbd4a615446dc0b7a94d2b88da806f539b5610b501dfa636ad20722d2d2dbd6ce0cd850601882e3410a05de78551bbce97a7769d1746995cbe2de1dbd4a695446dc0b7a94d2b88da806f539b5610b501dfa636ad206a03be4d6d5a41d4067c9bdab482a80df836b56905511bf0af236ad4eb2c35349b8dd69636b5e907a91d78f332f45aabb3d968a052cca1925d4239b388526a1eb5ec229ae5226aa59c81dded0b025e3fbca138227d2388f50d23d63b8c50bc036eb7a7fd3e2f805e8f752af0a60df897a1d74a9d55023a3d7112a93387505e1887bb9481bb5642b35a84ab5e4153d2bd5937402b6959b5de007f11f801343c7ed4439de8db7c25d65ff526d45c5eabf3e5281e8fb3be0b5302dbdfe8e5e9d5aed300dfce69f7d2f46ad529495e23c83db522e68fef47f2e45ed416a7e06b96e125945df5326a950aa57d1ed55299606f12e82c3cd7ebf5c1eff752c8fbe1f1f951e319c5ba1bb94a138d7037365cf70e8cedbc0ad1ae1eb85c2f0ee8c3870ed14468607874a4b5e5c5a9fddd5f9e5eed3a95d3ae0df897a1ffdb75d6ab65e417a6b174f6080a53a7504f4da1594c23882afcee3a3cae065c3a909fcdcd9546a3897aad865aad8e6ab58a1a257db5523526502643100b08872354e71314f611146a2e248b64019d83587de52d5877f90d8824baecdacfa713c78ee15b5ff83cdeff733f8f6028d4dafac2d4feee2f4faf769d02bce77749addf2f4aa552a9b5f6f2140cd27ebc006ad729221c29c9eb9532327313987ee6119c7ae06b987be2bba84d1d42b0308b70238bb0ab028f247ab1880acfad13d8f55ad5002d292f29ed0b907bf35f83e0f7f97c88c663e8ecee422812413e9743727e01c56c0a611f30d019479326c189271ec0c9fd4fc017e940bcbb0f1e0f557d97b11387b8fec4fd7723e8f3626074556be30b53fbbbbf3cbdda75ba68eeb525fccbd02b51e7e2fc1c8a4bf3c8cc9c4161f61c4a54d51bf924fc8d324294e24137a578a34260b398e7bd6ecb7aa38e72b18462a164525c925d125c40f5783cf078f941f9af4686502c9241d46b08b0e1c43a12084742640e35e43219d30622891842b104557d2f72750f62a39b3076c5cd18dcbc078148ccee53cffef0f7ef2263b80feffde86f221475b6bf10b5bffbcbd3ab5d675bc25f00fd28eb5497d9eca9433871f757b0b4ff6ed4a78fc3939941a8ba8484bb8230ed73772d4f295d3629de90c79d52d64d307bbdb4c959028120bc94b8f55a032582ba40d5bdc852c815f89bcc80ebe2e46edaef7e1eebe2472ed79ac8e5f3f09121747425acbe542a875432094fb3829e981f7114913cbe171347f7c3e50f21188b233b3705572587476eff1a46d6ae45d7e058eb497e98dadffde5e9d5aeb32de12f80fe217536a8a64f9e3b8b42721e3ed40179d3cb59e46993a74f1f80cbbceb2a15047c1e04a94937c90c4c62f35cd9e7f5669deb4d93c692d80d4a7201dee37613c87e4a73829e52bf52e571bce6f23e8fc76dce3b19fa8d26557ceea3b56f925ffb7c3c4e9efc064d8252914ca25cb66b06837e243a3ad1f0fa51e12dbb83113bc7edf1e38bdf7d046b765d815b7ef1b710a656f042d4feee2f4faf769d6da7dd05d0cbd5a97eefe4c202ba7a7ad1d9d9d9dad6e4b6799c3df40c669eb81dc5c96340b560c00e789a28d1a66e2280d1e15e42aa660eb62a012f7013e3b4e92b2893739709c62a8159af8b0908d454dbdd2ef84d7afb110a05e1a724a813b0957285d2bd848a1c75aca45ca506a06d6422d2065c3c5f4c22140a204efbbeb7a7071df138524b8bacbb8618b7854261345bdd70ea8e53cb6892397cfb81c348565c78c7477f1b6b2fbdfe05bbea56da773f9f2e963adb2afd05d0cbd5e9a2cafdd87df75055ee42278b48d2b3307b16d38f7d0be9134fc25bcd997d5ecca63131be80ba2b886d9b57536d2f209f27b0695b0bd3956a190b730b989b5b443299422a93458ef67ab148e012bc25320671e710edf1703864ebf95c1e995406a9740659aaf5996c11f38b192c2ee5b094717e677325e4a8ee174a15aaf64564d2592ca596585f11f14407924b791c3f719adb33a852eb50175f599efe4a89cf5241325dc2d153e7d0d7db85818d97c04753e1f9b4d2befbf974b1d42995be0df897a10ba973facc499c3bb80fab366d4125b388a3dffb0c8edff177682e9c46c453a35a4f0640608e4fa73030348a2d1b8650a58a2f70c9d9e6f55079a608968aeeb2df6e93a292de02644f5f2f8687073038d447d075234cc05529c933299a0985224b015932862c99475aa02783c897a9b293915459a78270544a54ff8b0472b9d2a0f640f017756e1edd94f62e7f024f3f730a539353585c5c3206226da1ca3acad4108e9d9a4624e0c1e0c61d88f5f4b79efc395a89df7d992e963adb80bf00ba903aa55a1fbee75b983ef41416f6de89caf8010cc81116a27deef7587f799900dcbc693d4606e2a89472b4f3eb54b59dbe73a9e23582d1170820168da1afaf07c3234318191924c03b110d5385f79109a8c74cdd783cd74526e1f3c9f86f52ed17906bc817cba8109c351e63fdf33cbc4e35a0ee72dbba6de3ef2aafa5fe7a57cbbb2f49ded39dc0d0d83a3c73f82c32d42ca43914c84c640b84a84dccce9301940b185ab51a7deb779866733eadc4efbe4c174b9de6b46b87d6be345d489d75dadf7bbff9773871e76711f6bbacaf1b95027cee26bc7ac9048dec6e39c70470d9c635f5a39309e8b7bce6e14818d168d41c6f3505d2e838341c7b595f88f812c83cacef5912e85899760bf4154aef3c55f774b6407320873455fa6ca14c7bde0178b5d6243370fafe35bec6cbbac3410f3aa221daf4718c8e8c00be18f6ee3d88723689443c80ce8e30868606a8a30470e4f4242eb9f1cdb8f61ffd1e629d3dce3db468257ef765ba58ea5468ade7631ffbd8cb4af80be536a20be538afa73a17cf9dc0c2be3b1069e4e16dd2d6a6ad2e50154dadae3a8e34024ece3cd9c702b4d4f91ad5ec40c047a047100cf869c35791cbe5cc7b2ee92d6f7f913677adea3080326d709dab7aacdfdd9801e14ee0eb78691a31328ece440cbddd34053a134824a2d432e49da5442703f1f258990c3ab754a26650d6b901041486eb6a20167463ebe6b53c2f82b5ab0731363a64fe8288df8d81de049fa38a70df183a86d7b69edea195f8dd97e962a9537e99b6847f197aa93ae5a15f3c730407bff271780af3a86453c82ece119879eb128bc41326c505349f4046900a9c5eeae62e161f8b6d23c9132f304b680bbc159e27cfbbec7a89780132100c50edf773bfaf25f41d092f0d43b6babcf346dc4c5ec16b505b80db547845e51568e7e7f205e4c9385c6e3f6df73e7477752012f2c1e7e5fdd04cf0f37ed4887c34455c7cbe5a55013cb4f969efeb3a4d5f08bea1ad58f7ae8f22da33e45c8fb492befbf3e962a9b33d5aee02e8a5ea4c9e3b86a35fff3334b3f3c82fce22bbb440e456c1776a2a76ffe020ed641f0a04eeccf41c0204aa2470344a40115c5e0a6805c348ea4b1d571fb93e86d47c75c909f40ab20913e892b2ea6b9721ef44d9891138a0973daff05a310b311afe2738a54de800fe5021c986afd2c6f711d0eabf4f2ea5cc99e8301a47f247427ec46211c463517451438886026460ba97a2a355f0197c912e78d75d8955b7fc148291a8d5bd92befbf3e962a9b30df80ba017ac9300cd2c4ce3c8d7ffdc3cf1998519cc4f4e982aae9729c9eff307287541d0f7d396ce61667609c9c594d9cab14808a100edf6a0cf22e9e4c0b361ad5c9a34951940b08b1944224184a9aa0b9002ac6c716f4b2bd03914d5bc4e8d0056d79eec791e27d0f31e0578fdd65f991892f2f9621519de4f8676be9c7fb6dfe3353f82e2f0a5fa8728dde3e120faba691aa82baeafcf4c8b6c720921de4faca71b81443ff2d111acbfe527d139b296f5e5ec9e5e8eda6de9c2e895a85380ffe1088a36bd0c35919c3c8dfd5ffe38ea0b67a9c627b1343d81743285742a8b22d5e5defe0102c88b7822de3ac70d2f1940ba50c3623a8b6c816023204b15c7bb2ec650a1c42e956bd64fae221c86295d03b4bf0574f5c12bc04671f372bc492d4fe50a48ca399753f79afad84b4865f2e6b05b62513fbebad796d4efceed69eecf53ad974611241351204695aabfae5b283af50bf835328c7c91f5674b985f4c63627a161e9a12c17827920b298bf1575763207902c7bffa3f70fac16fa294491a9369d36b9bda80ff7b526e691187bff75978b3b3a8179690a32aaf209974b648f0d631303440e95c4667671cc180cf54eb65dbbd5875a34809ebf707a946d3f626d80861829fdb4b3503b1bad624b51511e70f04aceb4c8e3f8d6bd7f18b4b590378a5eeb268ba62499ef90ac15cc462a688645a8027b80df0cbeb0572f782a9e6baa2a2f4a4397475506d675158ad5f3e063119ae0ff677616cf5283afbfae10f4751e5fdcdf3ba019eb376cb163357ca95b2f520449b64324f7c1b13dff904669fba0ba5ec9269136d7a6d525ba57f193abfce422e8b03dffe6b54ceee83bb90048a699c3b7d0ee3530b701190ebd6af46886abad46f0d632d12f8c1700c5982716e218d23a7e630d21fc1f040b7d9f0ce483867804c950052bfb79fea7427358328d57e79e9052ef9012ae512014fd59ccca0413b5c4e3aa9f7ea72139328d10490841507f7b06eb76c7a75dcb36e91f6c9a927e9ce1fe6d01360e5231043b2401f6a210adfa54160d2be22f1affe3b92427ac3b4ef87fa7ba9e60f60617ec609d5a4062227622014e13b08c11deb4568742b3a365e867077bfbd8bf3a9dd962e8c5e893adb36fc05d0729dea163bf8fdaf20bdfffbf0e4e711f136b030338d83874e5a43dfb663b37559c9c39e5c4c5a245b3491a024949a2ed53885e9f90cd6afea4184f6b1802ee79c8780509f7c8e1f43367b775702f168d880a673959b4e8e358f9740a7a455175d45e7921128ca4e7dee75aae0d208d4b5276fbbbadedc04a8b0667023f80572311639fd6c349d8a065310e8cebdd46c208d8ad6cd8f406622e0ab0e65d109877ce6d41b1a1ac4dcf43c6ac53c4d035e331830275f341eb721b4815827423d6bd07de5dbd031b6e10740df6e4b1746af449d6dc05f002dd7397de2104edefe4960691c1137eded5c1ac78e9e42c3edc3ea356304a31c6f2e2c2d2e51cd2e234a0048054f67732629b37cd902f0e8703fc147b00ac43c5e8eba6c366f8eb89e9e0e2462110290d25bfded94d7c562c924b5a4bb0028a99ea3445718adbaf27cd42c8859631cd22e1c87a023759d105da15e80e77faecaa127eda0445340b1f5f20d8839c98127e0cbf927ada14c8652a339a2bc78ea9e13230bf8dce6cc4bc423d68f5fa5d6d1209393e620c541e3f1e3bc7f85eac67bfa111ddd86b15b3e44493f60ef50d46e4b1746af449d6da7dd0592a4fbf4330fa19e9e458800aa940a38737a1c89ee3eac5a354450f24512b0f3730bc810bc717d04822cb99436fb5923de04eeae8e8849714950895f81244f755fe0e9ec8c195896a5ab42606512487a8b612888a74086b1a04131a99c39050394e8eae30ffa6806c4c318ecebc2104b5f5707cd8228c11fb42e3d0dc1f5b248de6b045d8ef7984aa5b9cc9a76112388fbc96c568ff663f3ba11ac1d1b4054763dd57545f67928ddf53c92d4d20e74df62283132b5ce0e05f7c4108d864c13501cfee4f83816264e2379663f660f3e66efb04daf0d6a0f8f7d19529db3678e63f2fb7f8348711e615795603f035f8052cedb443a9d43a2b303691e97cf1510e7bac26417e693989a4b9ac44cd026d708ba0e0243204a26970c3c9684924591715d04a9c6c3578c3978512a160965d9f94e375d81801733116815db2efb5fd17b51ae772422341342acdb4b0ececf6976b7d47a47a24b6390d4d6601ad525df80bcfdb2dfcdfee6797e32a2807e73bde9f26072661167a6165026e7b1e1b68a0920cf888703a6d6eb3c050ef9e52fe075a448a829e9b8423e6781423d43c3e8d87439aefbe8efd3c6a799d27a9f174aafc7b674a1f44ad42913ae2de15f86e42c5b38be17ee720e61dac70aaa89c613948c454c4ecdc2ed0bf018476a466c4c79084bc914e6e617cd0927a92710aa7b4d2011031080e41813d8a5c277769021285a8e6a3468a7eb3c0155c13852bbe5954fa7b394e8b495c93c0476014c8c2441c92e479bd259291c5319700a2d753d5790d7bf42cda06edd6ff2f80709bc08edec60386ce9afa471986d4fb0aa0e3104017770a89f1a897a1aa8210443181e5b036f2061c931e420d47152fbcb6448325d5839823caea33381bebe6e631cb55211a5e434f2a9457b976d7af5a90df897a17c721e85e9530836cb2815b26cc861823e8985b91401d540822aedd2520a1145a675759a149e9ca66a4fb0c9b9a62e30812940155936aeec75a95405aaf292ca92ec5eaf9b8c8040a3daec8c5023d829ed359c35a32e38824b6682c26a25f965ef2b1a2e120a1858cde9669e7b79e1c95e08be063f6dad217b9d4c8b4592dae9eb27032896cca7b094d2b8f88c752b2e243358584861716189cc4579efa85ff03a1eaf1feb366dc3bbdfff21bcf3833f8b92a7d3ba1765f7aba8cb50a52aaf3eef432abf86f4f6f676536b50de8facf93bdaf4daa036e05f8224e9944d16c525789a350b78c96452266d671753e81fe8c5d2e2a249cd446717e60996f1a9392c59204cd924bababca4becbcb2d895eaf2b834dcda47227d57f1da3601d0a6de415ad46d017cb35642999e5986bf25c311345e329a456c7876973fb599f24bd79eccd11e704f2e478dd0ccf53bffc52b68005827a6e7e0953d38b383b3987d313b338333e8d096a2733b373989d9dc7dcdc0216a9912870a8502898d351e3e73b7afab1f3d22b71f5b537a07760183b77efc2077ffe17510bf2b9734aaf451384f72a67a4a4be13f2eb68089148c40605c96cd1f636bd36a80df897200590e466cf21443b35934eb161974dba6709e80425732ca6c0184a344adf7902e62cc1349fca21992d9ad34deab0546ff3a2f38f06a0c89b2e95be4729a4434173d2c96bae31f1ea22ab709fa2ef14f926675988aab7a4adb2d0ba3c6efb2d09af0497b2f1b54f8e4179ee15f89326e0a7e7d3387e660e078f4fe3c091491c3d39635a472e93a7515f4790a237465b5cc362bb3ae3e8e9e9c4c060af31b0eede3e32af6e84e25dd8bc7517b66ddf85defe6104a351046842ecb86c373efab17f0e5762048b5979f41d1f8346f22974d7bcfe5cca96d1bd8a81497369d36b83da5fe2254889214a8bd3a8e653482d2e58049da4956ce9756b57a1c2c61d2110e6171609284a4caac40b4b8e632d118f12dc7278d54dba8ba49aeb7c79ce15dd469662eab01c5dd65d46755c4134cb6097e75ffdf38a53d778fab072ce35eb64264d93e866a7d35e2f511acf2de670fcf42c0e9f98c5a971aae5b90aefd38be1c10436acedc3e6f5c3d8b06e186bc606313a3284b1d161ac5a3582e1e141f4f4f521128fc31f8ea0e909d898f8d56bb663646c3dbafb06108cc7e0167869a3bb62090cae5b830ffff2afa040f57e7689ef48a0a74922b02b2f9f9eb354744c14972f005fd071d8b5e9d5a736e05f820ad90ceaf924e626c74dda4b3d757bbde81bec37755a7dd48b4b194c4cce627a21cbf532a5a71f033d1d08f8e548ab9b4d2bb55e525036b406c7a83b4b00964a5c22684b5caa2e25ab90275da9a5156e3bbb98c152a68830998a3cf352ebf5c9d41f2fb06778fc14af7bfce40255f4148156474f67049bd6f561e7d6316cdb348675ab87313cd44f9bba071d342162b1980db355724a0bcd6529b0644b35aae96503fb964bae46dfe85ac4ba7b11a23deee3f55d9a7946b9ec02047db4035b2ebf14ffe8fff9752c5682989c2f9049490ba9986f42b6bdcc027527063afa91788194586d7a75a80df897a0d4dc148aa945e45229846993caae0d4562063ee59193dd3a393983e945dac9c9b24df6303cd08908d56545c449d2bb15fc42c01bb079bc9f6abc9f805388ab6c7749468a418ba3d7305ab869d3571a383599c142ba6add7c5edaedf2e04b0bc853a2a709cc9905329a99256a002574758528bdfbb165f3a825ad18e8eb468ceaba188dfc0e62227902503e01d9f53a5f1a403257c3624671f8342b10c0c0aa4db8eafa5b31b8663d82047a8092dd433b9c0f0cde3499810a3500ae7be209ecbaf60abcfd27de4b061530e7a2fc168ad997e351093235c47770f32e8bc06bd36b83da807f11525f75f2dc711b1c13a1fa1d89d276a6748b75761a70150823bb7d2e99c1628aa0eb0861e3da7e1be156abd50ccc1aa3ae145722497b690551320e01511174aa471e75311239ea9a1e3f6658d7d3471791274807063ba1483aa9c672cca5f3155e2f8bd98534eb6aa29fc0deb07e14ab47076decbac6cb4b6a6b54dc52b68814994192e05ed0a8b774d14a92e05e6249976812d4696a0413e8e81fc3c6ed9761c7eeabd03930043f25ba2f12863b44b0538d875f6a3e4d108dc7f7f01c0f977e6e8f75e0ba37df8ca1b1516c5c3f82fede6ed46b4d02bf648ebb2adf433997b6f536bd36a80df817a1628eeaf4a90368560ad67526bb3d48300b7c525773946833f3494ada22e29120d5e751dae64103b63ce592c88a6e532e7885a8cafb2df25195b7305982a1d6d0d835b779d56b04fefc5201074f2ca14c66d3d797b0401839e624d5e793394ccf3961bb9dbc9ffec1bee740ceba52f93216d3252c640a2c45cca658589f96f35982bce842aeea47096134021dc4f900ba87576374dd66acdbb80dab56afa7eadd8700c1eea5faee12d0f9cc8e4467911f820c89ea8a037a2fd7fd110cae5f8f35975c6e4c6bf3469a115bd7c95f0765d5ad53cb494d9e46a5e83c7b9b5e7d6ac7d2bf08cd9d3e8ac35ffd5334164ea3af336e435595235e8923e6e717303db380d354bb35abeaceedab6cf49b86a4e694269ac7499a0ff575a22b1187f2d74dcfce5bc69b514a6379d9956e4aa9a40b640e054ac5b9541e5333694adf26468613e8e9a026e07282738a549195e12644a91ba1d910f42a279da339a8ff5b9e7af5b98b79b8c838d473a0d05bf5a12b8b8e97d2590c4b7e038d83d7e01d25cc4c50d5ee4cf05add5db4efbb104ec4e093fa6e40974427b0b55411d80df42d092f62cb7191211e7fe441fcd5bfff17b86a4b2f067bbb70f6ec04163439476f1ffc7d6b71d92fff3ea21d4ecefe95d89696e9d5aeb31d4bff22a48c35d6ff5ea35d4e7b5bfddee28ab2a1b3e9b44de4201bdaed09e2cacb3659008ca9e8f24eb7e2df25c5d525a5aeb42ca56fb5e9415d60e43f39ee9c63aba8f0b0f94cd924b8cbeb2110035c7aa9969729a1f3e67dafd2c697f32c108e52c3f0a258237329d6b154067254cbabde18d5ef2e04e3bd343906d0d93d88eede61f4f60fa17770187d8343560687873138348ca1c1110c0d0c63a07f809a449f4da2118a45e15142c4f3c16e4569b524d5595c94dd2a222ddd6e34a901acdeb205e1ee2133356a7c3e79ff1559a8231583600378daf49aa036e05f803458263d3d8ea0a78100a569802aad3ccff96c1af9bc40982688ddd8b16dccd241e55b8921958c42de76a9e18a7053bcba6ced823cf494c09ad45139e2a5e26bbf267810b03556be06af79e7639d31788351aad41a66da8568cf00825cd2b0a6da1f24f8430419358e680fa526c1dd3584ee1e75ad0da08700eeeeefb5d2abd2a7b1ebbdb4f5fb2d4d55bfd67b7bd0d3d3c373bacc548953c2872252e383703fabbab7002e492eb0abf0be9f05bc81bed574b8cf9fe8c4a64bafc04c328f1499a14c9f7e5e5f8cb3498dc02b875f9b5e13d406fc0b50b554446e611241cb2b4ff0522517e03515532a95413a5bc1962d2318e88ddb80997cd1c954a36e37a9d5ea972e946b365841ce3845c3a5b265025c8132ad3e7439fe142893afc0a731e4e110b1e6435737a574a217f10edae85d0430c1dcc96547473fd5ee7eeeef4727c1dd4d10f710c0dd04b286a3f6f476a3b79ba54785bfb5ced2d7dd63cb2e4a712b9d9dac2f810e023d1a4b20188918d85de69813d8d924047603ba40be5c4c5eb3a8c9a8b47e735f93a6c3fa1d97205d7261617e11556a39bdfd7dacc20b77bc0f2f3435559b5e1dd2976bd3f3a8904da1cca2012d728ac97637c067f3c8e48b548b7bb066accfbad4d294ee02afd47339e104f61c194099ba7a9352ddbac3a87e6772ca580353f5cb558709146ac418a57747572fc291380606c708d47e741394dd9d1d046707babbb94e1bbb9bb671775f374b2ffa086803b52db94da54b85c770d9437b5c75e87c39f634f4b68b45a3f51410a4d96d34a24f92d84b93c545a0cb8c785692ab593c2bc99797cba49132cb6e1f677bd3ed45efd8286a9e10165339b315e5f3687883e858bd85a79f7f7e9b5e4d6a03fe0528bb308b46b5444955a456abf1eb1527c65c035728b5578d0db2ddd72c8985a4b4924e2a375d8900b6e0996ad3e667d74832fd56345c381a86c747159fc749b52fd75df0873b29b9a97613e4abd7acc7c8aad594be046a479c804d98ca2de0f610f4bd04732f977d047f2f4b0f55f25e1edb63cc41e07600aef1e91d3cdf46d211e0f1788400d7d8f888c5b787c22cad58006fc06f814472f23900e7c33fbb5c96e2a467bbd5b8d4faf2ef65e6404d20dad94333236161c52916bd8f66a417839bf738c7b6e935416dc0bf0065e667e16e34087a4d22e18c0737671c55f691d10173e4c9bb9e2d5458c818a4a213c439aaefa5861a7f2fba064750811f794afa7827d5eefe61f84361b3e91508e30e52f2f60d5345a744ee259029ad4daa13ac8a6fef568c7b47cc5912f8bd2c7d04b8c0de2d09dea16359078fd178fa0e025b0934e251013c8c582c6c7dfe11025ca3f234157490f7ade20ffa693e50dd26d0e5547440de2a0eda5904eaf3c02d3a6ff5d9fd76ac1b814814113e77ba20ada76c264d64f50e24fa9f9baca24daf3eb501ff02542ae64d9d97f493b35d9333369b2e745175eea1a4ad549c883225a72c53c20becea032f565d88b1d1f7b191f713e0a13855eee1b594dceb6c004a9cd29c959a94d7f872cd276f45e0ed22c8095e75e375d3be16f8752d93e85c17e025e1358554378f4dc46316a21bd5c416d65dc7120e5a8f4228c825ed662d0de054af7d7e1f972da053220bec66a31bf12109ec0a3596b9b3a770f2e9a770f8918770fcb187317e602f16b9ad924df318aaf3c6005a6abdadabb8a82d0410efeb47b6a4145c35642bc0c66bdfcc6bb6edf7d712b5fbe15f809eb8f3eb9879f0ab188c3410a6693bbf90325b5c23dd141b3fb798c2cc62c6124de469b39f9ccca349d57ff5aa110c10ecb29b6394b4218d8127a89c195f6a68d62b286666b9eec2d0aaf50615af79b1fdf093b928eb8c9ff6b493ba8a5a433ecbfb4ca254c8592e78a5cd08516a0f8facc2c0d088fd3679ec7641596a0564f5c35b2e3b025add61969196bf15006461be3ac6247b4b8dd79245c37cbffde52f636166d232e988740f3a5fdd899a227af7f56fc2f637dc005f8cefd9fae2c5305807eb69568bf8db3ff9137cf3cfff3baedc368ab53b76e19a5ffe0fd695783eadb4b6743ebdda75cab7d29e4cf20588cd1c53479f4657908db956413a9365c3670367c35670cd62ca71de29c9c5d9891c66325574f57661cde818257bbf39d23a2881a55e874352a743a65687a55e47e2e8ed1bb2a1a3214a458d808b707fd4c6b8bb915a9cc7d1434fe389c71fc2dea79ec0a9638730357e06d353e3989b1ec7f4c4191c3d7c10c964121b376e35a96de9a60968f917b414b83d2d902bc8477e0815037b0bf006762b64023cefbeefdf8367f6ee3306650c844b0f19918277d48d5ecc2ce1e8d3fb70eee86124a875c4bb7b584f0bf4ac47cce1ccf1e378e2eebb30d013b729a5d75cf146abe77c5a696de97c7ab5ebd400ae36e05f80d42f9d5b4ac29f9f45ade4cc93aec8398d044b650578cd3023b59e529760a0c66fc12b1bd6af457f1fed772576a4ba2d304ba50e519d16b8435c8f46e3e634d3a83a3102277a2e8c54721e0fdc7307f6ed7b0233d353d605a8ec340ad251bfbebcfbf215a80f5f8927a7a7a7b179db25d6fd26107b093e81dc80caa5037c67a49e9b4b037aab18d09797fcafa5aed5d3db874b765f8a1d975e8a9d975f894b2ebb02db76efc1e69dbbb06ecb367410e4674e9dc463f7dc4df3a40b836bd6f1dce57a9a644613b8ff3bdf461f4d8eb5975e87b1ed97392ff43c5a696de97c7ab5eb14e0db492c5f848e3c782726eefa2b5496669025c8d52d974ae7b0904cdbc014a59f0a506217ab4daaf779c47a4770e3f5d7617468c09c68ca112fe02d634af6aefee9976d6371d39ed7ce4307f6e3debbefb00419c1480c9ad5559a8296ca6117250312e3503a2b3100c5e12b267ffddab526912d471ec5b0babf04705be776e7fa5cd736e782cf2e8db4aecfbf7c0c375973b07b6ded17e93c9d43a622dfc583f7de87bdfb0ee0bdfff857b1e1925d3c8efb68df3ffdd003f8e73ff5416c5f3f8a9ffedd3fc68e6b6e74ce3f8f56625b5aa657bbce7612cb9720058d946b6e72c59a25ad50c61945d459e619c261802abc468745435e840394a494709abe2921ef78346c43653539844973825563d0c58d15cbee2c43bc4a03dfffde77f09d6f7f13ddbd0378eb3bdf8b9ffed95fc4873efc11bcf5ad6fc3d5575d891d5bb761dd9a35181d1ec6e8c808d6af598d6d9b3761f33a82dd002bbc39603795bdb55c5e37a08ab4eeac392057916ad25a36ab55eb95d0b2297f030bb84e75c28a6daf562cf5f5ad6fbf0d37bfed36fcedfff93826ce9c5185ac1f08c7e296a7bf19eec4e0da8dceb5daf49aa236e05f84e475d6a48a75b6646570d1d86e278124c1de9dc0d8c800812e55dd07bf8fea330125a91ea66dae21b25a57aa66ed531e3aa5a7364f79ebb7eced7beeba137bf7eec59b6e7e0b3ef2919fc2ae9d97503b88db47d14cae0af195faaebcf656aaca6cbbbcbd06a59f6ec9622393de42b596ce062bb67df9f7f9741ef0e5a813c8755d033e9f59093f6ad46cea345fea5a96c914d4a5c8e32fbfe252bcfb03efc3f7bff56d8b4c543d9a863a57f72036b01af1ceeed645daf45aa236e05f84bca1a805d20841b2df6b95b24de8d0db19c7aad1418495d18620a44dc4239a0810f88e5dae195fe575f798e75da3d5940a5aceb365efb962cc25d9cfd1e6fdd04fff1caebaea2a13b6321b0cd42c4a01ad68bc0aafad905d0d3fd5b4d04a25ad7800dd93c6ecdbc48d2dcc3f6b9db5163f00eff3c1de02ba8ed7f9621c7582bccaeb57a8c1140bd4660a25e472656459327925d4ac729bc6f9d7799f0dd409fc1ddb3661e3e60db4dd27ed1da807c1c7f736b6791bb57f39f4daf45aa336e05f843455922b18b561a74290266ee911d84706110b872ccd946c6905d23458342184fabd05764dcbe4338fb99c69b4a5a956abc806573972e820f63d7d003ffe131fc030d5f4e5e99d4ab58685e62aed9432d0aa8f5f45d79269614b150254e3ed97936a28f595ec7803b081de41fcb30c6099cefb6d8c4260e733c864299764b628977dd9e2fb9772ca8853b5b294af63a9d840aa0c644a4da40afc9d57f2cc0a366ddd6121be96cacb1744c31fc4e886cde64b68d36b8fda4ebb1721cd0273d727ff18d983dfb744969a6545de740d701120c6e7962ca26c219dc7dc5209db765f8637df7cb3258714f0e5c412a06cce36018b452f5a61b8b7dffe1d5c75cd7536524de3dde5889317be668075ae2ff92ca16c5e77310a79deb9ae71f74a712d46e2d336eb7a6b75c31164d22096bdf3d6bd664bf275d6b1acda1b6368318b2a19893116321d392029c02d73aec2821567902968c2ca2c5239754516c8108a643cb4ed5987aee1e7b3c6e23174f5f6583efaaf7cfe8bf8d95ffc456cdfb5cbaed34113251289dafd8956625b5aa657bb4e9b3cb40df817a7830fdc81d3dffa33046b69283e8ead9c6a6dd5c6a94f2d66912e56313997a264f6e1fa37de881bde702d0607076c2cb862ed1dd55b5a00972dc01f3c740cfe50c4b2c16af08d6c7175b7293847d968652008ec1654c3d565d04b33a0c26020b7a261bb2c5aca7c10e8653a58df3b8b819ffbcc7927d0eb819601cf7ba919d06b36f047e1bf5982bed474234bb5fedce40cc6a7679026c80b4527379d98869c8d027798dacc72aa6c75596a720d1d074f001ebf22fb1ca7241fc9b49d4bb66dc64fbeff3d5cf7add8b6247ab5eb6c03fe6568eeec493cf5a9ff80447309d57cc6bae2d2d91226e7b3480af8a902c6a7523654f5d637df8a4bf7ecb6ec31029ee692abd528bd056853bf65836b061816d9ebfca14c3555a242a681a9f494f636b9037f8b41083014d206dea0f5e5fb1d47a1df8b20af613e024afca097c547e0d3eed004151680d34aaf655d732d2fbe31128254a9a48b254d7651459a3794ad34b048cde3c4b9099c1d9f44912abe9883828586c8c0d6af5f877563c316de1b09fa8cc948e350bd0d3202690353d4781e7eec693cf0c853a8bba9da8bc528a887ac2b110be0f77fef5fdac4142bb52d895eed3adb807f19caa516f1c0fffed788e42750cae790a4fabe48c02b09e442be8a931349dab125ecd9bd1d37bee94dd8bc79b305dc487b9513ac522d9b875fa3e734d553b9e142855254a0d7b0daf964128b4b2964f39490a5921d2b6d40e09484970415f0051ccd3e2b07a07c048adeeb884530d4db8de19e4ec40842bfab891041af22d04bb2cafc70d47c079c2231194d152ded24499b7db158c3e15367716e6a06454a776931d20a64c24443019b7eba6f749531b10132b3dd9bd723eae5ddf1de34f046413d6e322325cfc8f0c17ee59ffd0bb862fd94f494f0bc6f17ef2b1609e03ffdeec76c04df4a6d4ba257bb4e01def3bba4d6ef17a50b8dfa115d68e4cfc550a7dbedc1c9bd0fa29c9c42329523d869cf969a58c8557162368bd91ca5b0cb836d97ecc4ea751b114974590aaa4a8daa3fd5e51cd5e46ccd856c9daa72d387458af6d3b3493c71e4189e3e7a1ce3b37358cc642d7986266ceca3a6a04922d6ac5e850d6bd760edbaf594ae1b304229abdc734aa06939f3c82016a96e9f9a9ec3e9c9599bc042c35ee540347f007978ade1a6f6e0b2aec55add65934996c9780a94ecc942050b8532e6b9bcf7b17d3837334783c5017a84efa5af338181ae4e745222bba90da41616b061db562cf13e1f7bec31ac5fbb1a2137414f73c555afc25525a32073f3b08efdfb0f9a5fc34bb345d29d0a08bcae06de78e31b8c51add4b6247ab5eb9463b53d78e62548dd558f7de5af30f1f0ed2852c22fd15655dcfcb9541533650d83ed463416c78e6ddb3034348c28ed5bd9cf9292669313108abd4f11d44b998cd9c4ca6527f9ad6ebdb1c17e0c0e0ca0904e63766a821a45120d0247d2d44f06d039308ca1d56b081c177ae251f47476983dbd90ca6092cce2ece41466937a0eeeefe07dac5b85d19e0ecbd2233b5a492dcc8fd02030a935a8e740aaba1c87e7e69278ecc021ebfe539091c27fbb35024ff639359446b924f58f929e5a01b58cb9c524ae7bdbdb3138b60adfbffd76bcf5ca1d58d31bb36b4b77b0bc75d43ebe7ee7c3f8d6c3cfa016882240b4abeb4e9acfee5d3bcc865fa96d49f46ad7a9c1336dc0bf046988ecbe6f7e1e0f7ce5ef502c10b0b475bd5da308740dd9ec2b9a4649034cc439891a2e1d4fb4ac24a9e475dae4a7ce9ce33a212bb59afb945bb62b1ac22dd75e81ee581877df79278e1f3d8cee8e042201af4941d5a379e135d63ed4d18d777ee42378f09e7bd0e1696017c153a5b96079f358effe53e7f0e093fbe1f1f94d85deb56604c3ca1c3b3989c999591be527b04b5bf110c91d34397abb7b71f0c469340974ee3207dc6037edf3809fcf59c0121950818c45d33d6b5ebd6132a637bded2dd872e9e548517a6b328daffdf5a7f1a19baf82af59d3031be05dc1308e9e99c5e76ebf0fe3e9223af97cbff0331fc6f09a35f65e442bb52d895eed3adb596b5f8a6a1504d213d8b37e14b7bef9cd54d7bb31b3e04cb1ecae16e02da6816216f572d1545797fac2c9202c628d009074141034938c4b39dca9fa2f4bc32b2fd96aa07fe4fe7b317df624d68e0ea1af8b0c84e89b5f5ce27596902b96100dfa51ce2de19eefde8e9ffca90f2231348a670e1ce0b5a44653029773d831da87b75f7f95e5b017a80f9c9bc51d8f3e85c70f1ec67c3a4333c091f6521115bb3fc7fbdf4b9342a9b4e5bdd71c766202eafacb500b995b5ca42952339f438166c074ae64aabf92693efac083f89b8f7f5c49e731b0662daf7192f7cc26447bde5c4104fdc0701f4687fbf9fecaf036ebe29af63adbf4daa0f668b9172236525f6e0ebe428aaa6dd9bce2d14808d96c1ad367cea0cb5743353387891347313f3d83dd3b775aca67cd162b2fb89238562b65f3b2a7690608140e676d201ef2e1f2ed9b3079e6140e3dbd17833d5de6903b71fa0c0e9d3a8b53538e5d7e766a061bb66cc2073ef493d873d91e2ccc2d60c79edd989c98c4dcd9339605c7c26f1501283382d7985c4c51d1f091fde811ea583d3c883594ce43ca8b978899f6a0a41e92faeaf7f7f98388505a07249d79dfa9740a056a16f2ba2bc84723f3e40f58cae4f1f0830fa34466d4e4be12358ccbafbe0a5ffafc9771c5259bccc127e6e1a619e24d74e0cce41c8e1e3d611978765db21dd18e4e6366a215d796cea357bb4e8d966b4bf817a05a2e85d2f45914161708849abdd4d1a1215c7fc52eecde3c82be4400837196501d7e027f6dcc836bd60fe1d64bb7e2c7286d7feca61b70e3555760eb8675d8303688cea81f75dae6ea9b1feeeb06f5751cdcfb94815f2afef1932771747c0673c53a523537d2d492730d37f65c773d127d033877e62cfee2e37f8ed3a7cee0a637bf05657eb67c2e4bc9ea68158d4a89a0a686d0eaebd7c413976ce4b5077a301c0f633816407f9876baab86b8df8381de1e19dd52382c98a7c9fb2ad3664fe60a1654a4849bb97c0979154a77cdb2a3d4dc930b7c1f344df6ef7dda32f3c4fb7a303e3d470d86e64cab78436184a27220d64ccd7793792a27609b5e1bd406fcf3a84e8939f5e40338f1f02318dff73452a74fc34340282a6ef5f028b66fda8c38a57d3c124034e046a05944a49143afb7847e4f01fdde028683356cee8de2329a03efbef90db8e9ea4bd1a48a2bb57fa0a7db92576452497829f516a8429f9a4b21d7f4a1d4f0a02caf3a3f4bb654c1bffdf77f849ffa995fc25ffd8f3f417d7e02079e7cca3cf1ebb76cc7f4ec9ca9d292e492f47e822b1e0ef177c3baef463a3bd01f0d62ac2b8cb1be38467b13e88b85e0218349683a2901d43c0d4dc8cd5821e09732054af90cd2a934d24b29a4d34bc82c25915a5a423e93c6e252da061065a909d469f25cb27b17c6a766c9049cfc78b40fccafa1ee40af9889e202023467a4eab4e935416dc03f8f521327903a7a105102a9cb0784ca7994a726e16503efeaebc3dab56b2dd5b3bcd7413668cdfe06dad47e4ace208f8f7aeae87097d1e12aa0a35144a25141cced744f49ab552ebaa5e422b14ab381485b4c2e215d6e5aaaac62b5e6cc48a33e7cdad102d3d1e3a7512ee41161fd731313a8511d57220a65c395e494175e3d02cac4a1a495f57ad554f4ce680089881f0982bc3b11a50990406f471c618231120cf0fe0950aaeb96bbcfd5e4fd3469b26409f4452ba9a505a4c88c0af91c351c2f3a3a6294d8344dc86458bd319b3563c33459728eb6c07aadb8bda89029e95845dbf9fc015b6fd36b83da5fe23caad7aa489d3a8e08d5d64e82254a90792901fd047b639e363d1bb9a66b1a1b5b65c135ea3e137015cce255f00925ab5251fb14f9e66912fc15aad115aeeb451328045890a050fa6b81465d78ca749b23886d7ae5621e15160d37add204b0e01dde5341b1ee759785afea5c4d351d8ac5f8bb6c76b6e19d4576b89c86623e4e449e0fe1a0dfb2ed242261747744ad3b302abb9dcc4af5c85fa1e7f611f48d4ad1fad3bd346342dcbf6a6c04975db6071b376e24e0134884fc16cedb472d45cfae2e3c4d474d96675d8092f02a599a06bc2d4bcee953e20e1edba6d706b5017f1e29516495aa6bd880e221a8090a82ad4e6081a53c3d69e1adab576f4067578f356475c0695e393578176d672d0df8e4085e8a75e20b614de5a4464f40f270276d74c06bdd6b4a2a51cc665029e55127d0d5ff2dcf7fbd5442ad98e3efa2a9dd8abaf3f36b95b9bd4a9b5dd253c368e51d17b8043a85e6ea77c8ef64a7f511b43eaada8aba0bf07a8968986688cf402bb02aaa4feab7667755e4dee6e15ef42add35f7f5d13e57d61d31836221871ab58c35e67fa861c7aeedd67064a2e8c2e21ba6bec8634f16b9b0b0484654c7d0f0a0e515b06ecb36bd26a80df8f348834aa4b22a79854022304b620ac01a88e22140ab8b0b88777462eb255720108a51a079b094965acb462db14f805977d732e0d4f7ad0c389474cd669dea3a55f2ce2e8c0c0f9199942d7825522da2492037a949800013a850e73ad5f31edae16bfabbac9babafbbdb6ce832350227a9a62c72b203024e925623d9a43d77c4c234216446b8784bce283a65c35598acfac6758d01025af528afde80d25f4743d8b97e35ba78afcab6ab5e8972218b523e8b06b58e8d238396ba4ba3e3f6ecde896aa180f9f149ac1b1b92efcf48c0aef27d4d4c4e5948f0864d1be1a64dbfeca16fd3ab4f6dc09f476a9802aa93a8c26d5d50ea52f3503a7a29aafd948e9e52c14249074756e1ba37dd8670ac0bf38b29348534033d8ba43d9792ea1adc22279f2691904455e45d301cc59eeb6e8007756c5f3f806bb78e2044807b094439083d3cce43c61323b3b8e5d2cd18e98ddb609735eb3770592250956146dab3b40689574a7e9e53e07675f175c7a394bc8ead6d857ff45c9a5e4a09361be502560d0d5acf819272eedc73298a04b6a2f5de78d90eec583b8c2019066d0cc478ffbbd7aec2dae17e335f765fba07218f0f73a74ec357c860ddc800f987620f78136442b3b3739826e025dd4746875b52bf4daf156a0f9e398f2a04cc89db3f8fd8d234256b00d534a51b411f882cf775cac9c5d7158bc33b38028a3b1c3c71c69c6d575d73b9a3ba4a6d27f89a046f53fdf10443d11dc597ef7f0adfbbff216cdbb8017b36afc5b5d75c862f7ffcbfc15b495bd0cc3d8f1fc26387c691a5d495d4eee4356f20d8b76d5c85c9e9398486b7e0b6b7bf930c23831ccd8ec2d292f9096ad4aa2b4d0fa60a153cb0ef20e294d0efbc760f3adc3574875ce84944114d24108845d1707b3135398b079f3880de359b70c7438fe1cce4343ef0cedb90400553270fd15488f029ddc893b188b9045b13495469df47bbfa70dd0d37a04115df532bd9305d79e77dd412c28a27e81fc19f7fea4bf8eeb7be835ff8a59fc5cd37df4c461922e3f3591da295d2965e885eed3adb492c9f470a4f0df5f4a1c146dc94a4a6d476c2529d0414e6a5e6b2419b5760d6ef5dbb77e0ea6baf6839ad1ce94ec398bf1d279ea4bca759c5a675ab0dd853d3d36808a5b51aae7bf3db6d161a69bcefbcf90df8cd9f791b7ee1ed57e017df71257ef65dd762e7a661cb53df35b41a6fb9ed36eb3a33875e8160934241e9a9d96a15223bb794365bbfbf336ee1b01e9a0f72e28901994acd7b53187097a6aa221328a493b8e1aacb2d6efe3bf7dc8feee151ecbafc2a2414f1c7bb0ab89d4938407343493a376fda8cabf75c025f298d5093da08ab549290b226d22c562c33d081432770d71d7763787414d7bce11a546bf2d6f39db4e935436dc09f47b275a383ab51f7f8097a0df9f44b73a6bada34506a88a9e2d1e5acaae532a64e2bb28e7b8c3918e0655b0bf4eaa2529cbd40efaa63ac4fd33777599cbaa2dca64f9d415f5f1f6e7ac74fa0507191532f52a58e62db86316c5e3b8058d085d99939740eaec58d37bdd9805ec86856db2c7c642072fa99779ea0af7afd98995f20b66bd8b27a187ef5e42bc65d81383a86ffa4a1ebfec204fbd8c8108ae92544fd3e6ca7c6a15880ef3ffc183afb0771e9e557e28637bd09d7df703d6ebcf17abcf9969b70d3f5d7f1bed6a023e4b3a83a5525a75cb152435e80af366d68ecdffcdd97c8c76a78e34d37f07a1ad2eb31a6d8a6d70eb5bfc6f328364055bda3c7825fdce11041e2a6246bd9a82d52749aa4bc39d7843a8380402fc0ab3fda6f52de24bd9c776412f100b06bdb664b70716a7cc246c325a9aabb9b2e02e436acdf78094f0d93a950856e06d0d935826b6e780baebefa1a4ad912dce53cc2bcabaeb0fad17d764f14a068f01a474e9f452697c53adacc633d1df0d4a97d34aad6c76e492f794dad9bb4e7fd0c8e0d5af0cddcf839ecd8b4815a41024f3e7d00f73f7500e58632e5f811a1d9d2d1d58d8846009231c85fd0505010aba9d41a64520de45934c67fa158c6273ef3551c3f7916975f79196eb8e13a5ecb8d60386cefab4daf1d6a03fe79a48920c2ab37a3ecf2c2451bdd45fb54fdec8a687388ea3d016c1340084092f094a4cf720493f0cb8097f3ce71e0f92995afbb7c177a04ae670e62215b24c08334f7a931f802181c5d832d3b2ec3a557df48a0df8a2bafb91e1bd6ad4747248c4428803841aee1a6729c8969687c7b83f73893c9e3f0891354bbfdb8e1b29db4adcba6ceab7741dd7e1a4e5b51571ecd8086d250d51b8876c4304ad02b24b7964de31db7de8c7030886f501dffea5df7a2c07baab9fca8363d642a5eae7bcd4fa07c7705be8b1c815e24d01108e3ec5216ffe7b35fe1331dc635d75e895ffbb58f22d1d1858eeeeeb6747f0d523b01c60b90e2c10b8b732629d59f6e195e29c5d57c154bde547f7b240a5738664e2ba9d5f2460bd8a6ce0bf4daa6f358acbf9a0054c86bcfd028f6ee3f8013274e12d0eb2c5acf72c1937168dcb94d2545ad81b8e2ba7e3b29a99438b25456a249aef3983a41982c55f1c4a1c3b6ff0dbb7760556f023edadceac2abda7876dae2bcd72035950019978712570ccc158a98e4ced3eecf66689ab0eed191512ca6b3641ea770f4d46994a53db87de62320be09745836dd2cd5f845328f33738b78681fb582c7f7c21f8ee0969b6fc007deff634e741d1981fc0b2f442bad2d9d4faf769d9600a3eda5ff6112c0974e1d45e9f85e4441d06bf00781e41180a5a6cb731d4ec01d25e0a92237f9221b94ea9e48848c20e6a8f402b9bacfca2c5c36ca15daba5483dd517ceb8147f1edef7c17eb568de15d94ae5d11bf05d8c80527eb40036af4d7897417cf70669f55aeb9020157810733c934ee7ff269e40a795cb5eb125cbd6d03424daaf2953c8ad91472b4f5e3f138fa7a7bd0d5db8b109fd71de3bd9149518d31a6949c98c091479fc0c242dac6d62318c5d985451c3d7a14059a2c4a5619239350e3537e3c752bca735fc8176c2eba0019e3ee1ddb71d5159762f5ea61f30f2010b3f88417a395d696cea757bbce768aab172179b5bde1284a9a4492752a624eb3a84af576d1f6163024290576a59fce52ad4e2e2c51da7be18f719fd4791125ac24bb815f0135046d93f6f8c8e86aaac70d1c397e02878e9f848700f147e2c6346a2e677a66497067e94195a5428959a05aadb8fb83c74fe1d17d4ff30bba70d5ce4b70cdae2d047b152137c570bd6223e9ead40404f85822ce67a574e7bd4a03b1dc7652b5c9a48264506e3223990a0d32b57221870e3e97a6b6eaa4fdeef506cc4561a641a962c13421d635343888cb77efc4add75e854b36aeb24139214526d2ec70059492baf5fc2f402bad2d9d4faf769d6d09ff3254a27d9b3c7a00de7c12414a4f3f81e1f6c911a76e37dab6c4f17c328333e72691e6b50706fb71c90dd7c14bc96fa29a36b2497875e3a93b4de1b91a1c53f7a2e00e61ff8933b8efe14730bfb080cece4e9b79b6b7bb079d54b76d941925bca698ca51a22e2da530c7e3e6e6e74dba0e0ef463d7d6cd5833d08d98d785b0a70e6fc309839d9d99b59e80be9e1edad3719b9a5a39f3bc04b397eb6e53edc3a699e426a650cbe79127734ba6731635a8c928940b4f0e4867149c1c794e986e5031fabcb7089751023c1a0920128dc017a776138da3191980d7ffe2ceba95da9644af769dedacb51740f333d328cc4cc057ca21445029724ece28a5953e37bd804327cf6270f52aaceeeec0dcb933d87ecd5508f67439271be05908f626415f2d96cc81a69170a5ba1b2577d09c83fb8e9ec0dea7f753b59eb794d672002a0fbd6593315358eb8a05f052f27661fbc675181be84184584c043c882884d7ed8c8d97749f9e26e0f955bbc944c2e1202d0c3ffc2c4a78a1d876cd01e713e8b9ad4aa0db20a0660395b21846d972de890114caad74d92cf22fa8efdd1990a312b078fc1001efe3d21da13a4f73a61ee9872f94b0c77f215ac96de9d5aed300dfce69f7d2a43a3580249f5a426e71c1ec630d6029111cfe589c605f474dbd8af1034f61201641a23b8e487fafec02eac2e5e76cf80201cf5211e8e539af29b38c5257bb51710750e4ba92642ea6d226d10b258d846b10e46e04a94d686ef918c12b8fbdf2d0477c2ec4835e44fc5e1bf9266b5fdd6fb93c013f3367f9f03a3b12540d0314d0cec4144ed8b0c28483a6a504c311c43be36402cacbc71ad8126c461ad6a3892a6c9e3bf5b5673358e2b30bf8ca9aa3587b01dea6d60ad1bee73dc91128c0177d0954dd2f2ee1577a5bba507a25ea6c27b1bc003abf4e294372e8995224894b492fc92b1bf7f39ffc4b5cb9651d06a862877a3bcd5e52fff9b28457386a95402e13f02582b952293b135450f5ae50a8ab68528a2a556985d64a422b91a505f6f09aca91e77337e1f7ba6dd86e2444294ba0daccb5ba1601af59658bd424e617163133b7600c234af34253560bf4bad7ba7a0308e40499c13a9a048158ccfae68d41d943b2f07af23da8afbfa85965928b167b5024f3b2fba046601a83b4052ea535f0226886e328fac9207d94f62f42edb67461f44ad4d94e62f9f72447ada6a4a4c495c4d46f91d22f5f71fd0db8fd9efb6d12489b5b5d40351282549c63e504d33874310d75c559404cad0c77ad084f95ea75350f5f25073f4ba05e40b05e84bfc665a388b0ab86a88fd8a21aafe9a56c824a311d39e25af7a67b89d3a6eeeda4742763c8a693989e1cc7e4f869daf61328e6d2e8a5f9b166fd5a04789c85048b61a89029c85e5f8e14cc16cb482f2d21de114730124254e9ab0472ee57665d25cdd04496369596349632994993e7b6e9354b6dc0ff8868ddc68df07774e389fd07d1a869582d81eca0bb8579015c47129c023cff399d6e5a1267fc23ff803ce621aaeb51bf1b09aaec9db4911574e3ae2b4556859296c03646d33a5bd5b7aea18fa92cb4e148043ddddd181d1cc49ad161ac5f35864d04f88ead5bb16bf76eacddb81e614a78eb4da0c9605e7bf317b008f4dc9ecc55b0ffd031749171686cbd46e1d924952c8a8fd71dd8335115d154d66545de55f51094f66d7acd92da489b7e042449fb8637be09f73ef818a6a766d1ac524757771ca5b8d4f265dfa8a9e804acb4031b7acbf36c5a694a4dcd0da779e665af4722411bbf9e888509de04babbbb585d1d29aad7d97cd109cc69cd2e23f55ffa844c0181d1efe7f954d5bb7a7ad13f3482e155ab31b29ae6c6e8286264041edaee26c55b8cc30acf6bc04b09edc1cc52119ffc9b2f618ca68986043b5c45cfd8722492b44936bd33371e90ab7263844cc4ea6cd36b95da80ff11d2c0d0106e7efb3bf0b9cf7f05e3e726cd01265bb849441a40841b162302c74c04025ee6814d01cde2cc2defa8e6b2cf3549848ab2e4747675da10d7ef3fbc1747c7e790a9345120d014f65a57322eb724b606fd04e10b45118cc6118a2758e254dfa31643a028c1268f69ba9c08412d05f25cb18e64a68c64a9813bef7918d7edd88091813ec767219bbec5b48c6111fd96da4b60afbb90558841b40bbef08bdbee6d7a6d501bf03f4212782fbdea2adcf463efc137bef15da432055379050e494347a53f1ff48e3434692f559de72b24d5ecf267a52f8927e8b71c65bd3dddb8f4926d16bb3eb99845aae1c374d983d9b21be9861f654f08356f180d5f104d4a7a8d076852cdd6201b85ca8a31541a1e146b6ea40a4d8ccf1570e4f42216f275440706f1f4a1e31808b971f9cecdba30199633b98675cf71a9a83f85ff0ae8ea61c873e91b588d68ffb0d9f56d7a6d53fb0bfd0849e1af676717702653c12222f85f7ff1599c9a98b5a8378b9727584ccaeb9fa4257f08fce6c4932425c04d7eda6f81ebb9b9e5c530b45db6745f5714375eb10b5393133873fa8c05d6443b7b510dc491ac078c014ce45c18cf34713655c3996415a7162a2c259c9a2fe12ccbd4520599b20bc18e6eacdfb9059d4303f8eeed77a130790e575db2c5e92150120f2e8d5971a914d99acb5e09358b047b9acc2630ba1e7d6bd6b718549b5eebd4ee967b19ba903a95c7edf8d43cee3e701c53c92c2af9329ad9247c4bd3c0c259fcec7b6ec3402c844a4933d25450ad96ac2b4f6096d45cb6ef4dd25b2127e61fc76666e13fb2008739107c8aa2930d5fa1fd3eb998c391b393d875e91eecd8718969081a936e9a37cf316ad5ab683925ad74d32ef747c2f0c7223423fc189f18c717fee6b3b87af33aecda300237190d3994850337d427cf7bb4013cbca8ba0f25d94b340b062fb90cdd034356f74afceecb74b1d4d9ee87bf007ab13acb04c242be44e999c3fee934cea59cac2fb56a05955c0ed5a5395467ce209a9944637102ef7ae3d5d8ba76cca4668d8017806c6a67033cd129d14f803e0b7201f459c03f47965a5ac06751f86bbde9a61ddfc4b9f9451bbada3b38843e9644bcc3ecfe809f00f77a2de8c6a371ed2c0daade4a253d3d358513870f233333836b766dc5aafe4eb80874b7b2e5b49891eeafaa2eb75a1334f351a07447ac13235bb6a3a3a7b775572be7bbbf105d2c75b6017f01f4fc3a05f403d38bd8375bc06c510e2bb779a96d1eb63aa576a58c7a214bc0cf6269fc146a33a73114a861f1d8d3b8e5ca9d78e3b55758d6184d22a171f6529deb54df4dcab3b8946d5610979417e0ed9f0969fb23496f3b8d0878f28aba05ebb829799bc895aa48972a961b4fe3d71554a3c924d51320265152a45fb16829af477a3ab17ab08f26421c01afcb66a571b37ebb8a3409825c5ef8129f4f136564f9bb77fd660cac5e674137e7d3ebfdbbbf145d2c751ae0d9d05e16f0177a71d185dec0c556a724eb74a68007a67298a884506d06d020002d1985e67c37094dbb9740aee6b328cc4f62e1dc49cc9e38840d5d01b8f34914278e63f3701faeb9ea0a8c8d0cda601449fa653bddd1c31dc0c9b9e2c4d33bf076a4bed65b1bb4c60dfa7c66fb1be8b5ae201a67649c6a931aae883e6911eab20b057d888523d00415d6b74e062306a4ee788dfd1793b127e1f3487d2f56f90e94f082e7f6addd8478778f5df7f9f47afdee1742174b9ded24967f0f3aba90c577a76a98a877a0ec0a2a4ac6c05aa6b4b4dcf5048a97a01068045c659ad15cebca68fbd4919388f48de064ba8667cecee0dbdf7f007ffae92fe2ce47f7516a12baf2a413a4361c962aba4c0365b451a28b8aa42cc5b88a630238c56c79a9dd5ccac1a764179ab8d1dda8c0552bf2e43cbcd5022228a3d3df404fd08d9eb00b316f039e5a01b562068d528ec715a9bef39c16b311df92c650e57d64aa2e4c17aa7077f7636cc7a54850857f21b0b7e9e2a136e05f86a4ff9c5acce0eed926d2cd288a048337e01536502ae4293d09161e6701347a9b045dad5c44219b61c9a242e93f972962219d83ab73108f8f2fe1e8f4bca581fe2f9ffc2c7eeddfff577cf7d1a7916b522213f80d8f03fc1a2535e1cba5033e0a6aa7f086e4b45b0ecf5d2e76432c8e72afd87b8a67dae34d9a199ae0a249504bfb007fbb9a55789a35f04abc67ea046452367886679375a0c2eb2df1d0859a1bfd5b776168c366cb98d3a68b9fda807f0912844ea70ab8738e76ba3f0e458e4a25d650955c368f528936118fb29168048c247bbd5c422e9544766991d23f674e3ce9e2a7266710edea412d94c0d333393c746a0e455f14271732f8a34f7e06bff1fb7f82bff8d277b0f7f434b27582df1744cdad84183ecb292706a0813592fc02bebac79e05beee954b49df65efbed4741f999062ee032c7e9fdb62eb837e2f42b4eb351d955f71f1b4ef95774f013b0aea29363c982bf3a9ba8731ba7d17e25dada1be6d7a5d501bf02f419952050fcc53920763a81340028b9f20aad0b0cde7d336038c4b129fdbe4ec6ad4aa28e5d248cfcfd9f4caea82d3e012013099c9c1af48b46018357f048b350f4d031fea9e00aa04f6e999457cf98efbf0afffcbffc26ffde1ffc0d7ef7f0c33d912ea5eedf75131f78272d9a4af40bf5c047ed9db02bd916b3972cf0d4d75e5d7f0d9d6849241165b6a3cbc0ad7351f5ed347a642b0a76b5e4c57bce8ddb213eb76ec6c679d7d1d521bf02f40929613c90c3e737016496fc862d595d75da556a9a340555ed9705cb4e10decdca19cf0d5720199e4223292ee52f769bf4b0a5384a2c4755f30447b3d8c86524759ee7b1682d9b2c25af1a1d4f4e2c4d41cfed7df7c09bffe1fff187ff0679fc677ee7b1447ce4e609ea64191367d99a05762c90aeb76125e3ad25ec5547c2d15baab7b53a1ca6e5a0825b99b925cd25c8e3da5d112132935fc54dffd2844bab0fed2cbd13b30d8b6d55fa7d406fc0bd099a51cbe7a7c1133850672c9258b329308ad53a496cbce6cafb562c1c02e4f3b452c9404a3489b5d73aa6bbf667855771bcf34955e9258aab397a0571a6bd9ea4a332d675d830ca141b03728ed1b94fe08c4d1a4ea9facb8f0d0a1d3f8e4d7bf873ff88bbfc1efff9f4fe2135ffc3a1ed97f188b047fbeacc9291b2c5c566aa8900199575e0e3e2e8d198849c909484d444c82a7a0547321cf92a5b5315f02f64f67702a55c4aa4d5b108bbf78b69a365dfcd44e62f93c9acf97f18d9394d2752fa2114a6382667e760e9150c4bce3c50281461b5d5961340db472c5d190478dd74e2fcc6261721c85cc92d9ee9adf5dfded4a248166dd923fa6720568065805b5989b4c12998057379aa52052213370510a5b120d31045da0d980c6e12fa632989b5f4080aa7a468ec17ce1594dc2e9d37780aefe7379f565eb3b11724ef04c81b792ab36b1586ce074b2807b9f3989af3db0178f1e3e8bb9641aab8607108b864dc2afa4effe7c7a3dd6d94e62f93c9284bcfdc41cce641bc8e44a166413efea24c096b8de4024d6814c3a4bc0cf1b8823f10e04097ac5bc97d2294c9f3a86a953c7915f9a47ad5ca2fa5fa4fa5f8026a9947d7fe9ae9d98985bc4f4c439f3e4530db02eb5006de93825ab5b8e3a3201d55d55004fb58c069946530932aa258c768631d4d369be84086d744df11ce5ba97e0d4c8ba7028806838c865d0d24f698a6825ab50bc4089a0d7b45052e111edc457bf7b17ea915e548309348331f8a371f869b3afed8de097df7d3336ae195d31dffd85e8f558673b4df5f3683a9dc763138ba8a69306d25a21677dddb18e4e4c4dcfda398a879774564cba22d86c72490237b794c4e2f414c1cef309561da3492335e1a28a22d734d2ad4ce06529993537bc2697dcba6307ae7cc3f5d8c6e5d89a3588c6e2269d5bf2df09be21676ed20c58cae4914b2d4129ad3cbc7e86da861c83d2126a5c96c9640af91cb2b90cd29934f299ac4d217dfce419fce73fff5b7cf7be8731313387e14ddb71e0e8313cb9ff007a37ec84b7b30fae6018de6807f2ee08c6a7a6f0861deba8a56890fb85d1c5fcdd5f885e8f759a846f87d63e477ba753d87b7212fbefbb1b7dfdfdf006c228c77ad1b16a234e9c9b4422d16569a6eb2cca202b4fb73cf0957c160b13674dba671766502e154ca2d709c2126d7dcdfa5aa3b4deba718385a89e3d75d2b2d96c5cbfc1eac9a69750c889b928d75c27fa06fa91569cfe0419083507311485edaace26eb5620cd40470c5d89184214d8619604257dd8ef43485d6f0125b6741269a848c5bfe3c127f0d8fea3e8e6735dffb677626cc316fcdebffdd788aeb9047bdefa3eb829f5bd7e27a3adfae8af1bf2e1e7def1461b977f2174317ff717a2d7639ded9c76cfa3c52502fe9e3bc909bd3872fc14aa2e4d1a99477669c9f2d495095e85a2399e6fdadc32ad0952c5a61732192ef394ec94e66625c9cbad3ef1d6b1e4ae72a6c9739e88c7b161e316e408e6e4c41954920bf094f368e652387d702f1efcde77e02ae5b066641861cd451f0c51ed0fc11f8a2040a69377059129569097b6e10ba01e8c202f5b9df56b408d54785e9076b833ae5e0368b66dde80beee0e9b5f7e2999c4aad56bf1b677fc18e64f1ec0897d8f211a8f21188d59bfbc2fd689c7672b383e3e63efa54daf1f6a03be454a0bfde05d772143b5b9dca099dbdd8ba9c96984282d2b94d4d4cb698fe77824c14c1049d516b0e5bc2b13e845aad252af359474d92d22479cbac30cf42c1a6023cf7e6f471c717705d7edde829baede8d5d9b57a1bf9360a65dde496610a10d7ef0a9c751cfa7d1db37801081e8a5caed0bb1684940e69b5ecb8d5f212372fbfc70c73a507291a9c81c68c81c20b322e01526abd29948d834d11a975fd5dcf6cd3adefcf67762c39a5538b3f7412c9c3b8530afe32763f17a68ebc57ab0f7f48c39015f0fa4e1c8794a38a9c017e0b67add521bf02d9a5d4c1164fbd03f308899c9490428242bb4e5bb3b3be022d895b9a690a74a249bdaa477d3a4be9c6f6582bdc2a5546f05da38c92cc417c8185aa077b2c13411e0e2ba5d1bf047ffee63f8e90ffe04de70d515b87cf72e5c79d96e5cb66b3b7abb28d1597d381cc6e1fd4f22cc1fd1788739d434979b266e0c6886170252525e23da046837cd0f7ff7006a8188c50d08f44aaba7be7ae5bf57bf7c4767c2826d94ab5ee9b4faba3b71f35bde0a573183138fdf0705f37aa8d68b39b9bc011c9bcb99097331539edfece0338770f75df7e01b5ffd16eebef31e9c3b37dedabbf2a80df8161d3d7ed2a47c2c12966ca41468982d1b0d87a8c6d37626902db28e2016de056a39e7aab4a935318575c349ba4b223a687f56ad362621f59a750ec47cf8f55ff9597450e2960b451bad1625007b28d995434e767e0f8128df809b127bf2e461cb2d1f88c4a9d2471108abc410b30c3731e4ca1582598e3d5e87ea7db067108d48b745ce11ef94f82ed85cf794dc540fd0d5d787fec141844221f83c6e5c7dcdb5181d1dc1e2a9c3983d739c125ec139ce33ce95ea383d79f1a9f5fa0e9a6eebfe7b1fc0b7befe1d3cfcd0a3387be61c6afc861572c185f9c5d6912b8fda80279d9b9ac1f7beff0022b1848d802b64d2c8d1d65d353642a9470053c25b700d012e65d9c68a5345ac910118d8b9dd51e505f66575d101a10151a0e779ca2bff3bbff2d3181c18a009e0300979d8bd5e9f85bdc6a351f412ecdb366db0f9daa56267d24b7093e18429e505f4a04a248a106dfbcefe5114ea1e2ca5b226c18dc1a8aede0178fac7d08cf7a219ee0082714b78597407b0eb8aabb061d35693f2c43406fafbf096b7be1dae5a15471ebd8ff759335ea5675660d023074fdad35c2c24b03ff9c493f8da57bf8e7d7bf7616a6a8adfa64aedc6f15ff08563fd86b5ada3571ead68c00b9b67a666f19ffefc33383b318dfea1614aed92d9e5b95c0eebd6ada7ca5e563cad63f75185a71e6f60902a2f355ef6b01a99188244bba42d114ea04bf1e73f01511298cc60cf96b5b8f2f23d66176b0cbd690304a9d706b2846c1aa78e780c037d5d1856c6585ec7ef0f21b7a4c926bb0874497a96b0facc630877f660686c0db294c4e94c8ed7714c0705ed0468d3c787d620d03384c97c15e3e902d66dde861bde743356ad5963f725f34363036ebee9260cf5f762fed87ea4a6278d0969941d6bc281b3b336cfdcc540b2d3efb9fb5e7ce75bb79b849f9d99e13356d1d5d589fd4f3f4dfb3d8feb6fb816096a572b95562ce005e07d474fe29ffede7fc3f16327cc5117eb48e0dcc913f029a086e0eba2549023cea43cc1695e79a9ee6400e516d82d3925c14c88384cc1c801bb015d0c80ffd57d76f3f557db5e45c6d5ec3c67849b6c7cbf9f200d2868266c5efce1a10163120a9ed1c83b05db48b24badf70723d4ce23f012fcf2ac6fd9be83aa7d0da974da002fb25b717b10efeeb7bc737e9efbc0830fe0f1c71e358d44da88184ed0e7c5607fbf4d50e127333bb3ef3182bd8e061992827eb2a51a662e021558ef5360bfeb8ebb30373b675188898e188ac5221e7bf451ecb96c377efe177ece66e915298f80221197bf9826cb9c4f67717276f1a2f75bbc14ad58c09fa564ff77fff3d3983e730a6f7dc365a63e9f3c7218c78e1dc3b6abafb1fe4d537bd910885793b60ab37522e8cad615a76017351c6b354418771b19c8b5d41f7109d270771c97edda61876a6e373550310873ecb5f2d06b9e36cde51e21e8a5dacb9f206d407df9d23434f9a3bcf55e2d798c87e0d79cf25d3d9d58bf71131633794ccdce5bef80dd0aeb56b61b85006fa674bff29aebb0f7c021fcf5a7f9dce3e7a89968be77f5d5fbb17bcf1e246231cc9f388c7a39674cad51e13352d53f7afadc79ccecd5a3e57b50d093330576b0f58c553cf8e043f8ea97bf8243870e211409da8c39278e9fb030e68ffe935fc1bb7eec5df64dc56417924b3833b38854c3833235a8d30b29fcdd3d8fe20b4f1ec57fffe6fdd4fa5ebfdd912b12f0e766e6f17b7ffad758989ec0bff8273f8bb7bce3366c7bebdbd049db76d5257be08baa6b2c0029b56a502eaabe441cdc948a16f2ca0626b02b824e407f16deb6d2fad5faa9117614e9b8eeb21d36ffbb1a9cd2594b33a08835896cd33751d2fa7c7ef8086049fa1841aad966145e2b495cc867e10bf8e161f1b2a16be49d9fa057acbd22fe7a7aba71f9e597c2e30be0ccf82452d92c4a644e0243575737fa359ffc9e4bf1eef7fc047a86c770eadc8445fe691a294d7cb16edd3a84a84534734bc89dd88f8ee20c06ea0bb8a44733c5fa91a4f6f06a91b42799480278944c291289588e7e45a3456351ec7fe6103ef5577f8b33e7c6b16ec306be63174e9f19c7eecb2ec33ff9d57f86b57c3649fa03878ee081879fc0a9f1593468f69ca219f799efdc832fdcf72466ea411c1e4f62c4efc2dae1c1d6955f7fb4e2009fcd17f0877ff9791ce1c7fff9f7be15ef7ceb2d489569cb76f7c2dbd58f706f3f255fd3a49d026514dd1668d086a76d2fb92949bb1c322bcffd32e065c18bcec3bc2de5e4f3d44bb8f5a61b4c32596a2a3200f3e8931938092b047a6595f5c21ba06aefa76a1f0ea15bc927780d3741ad201d53fdbd9a918685268022e324e135ec55a64077471776efdc85ad5b779059f4dac8b74e328d682c6220e9a62dbb7ddb56bce7ddefc6cd6fba09513215d33078fd3e32a3febe3e73108ec6bcf88d0fbd0dbff5f3efc3477ff603d665582c575a0ff57f8724cd4d7be23b94a6158d46ad6741efe07cca174af8ebbffe3b82fd1cb66cde84d3a7cff01c177ee1977e1e1ffae98fa09b4cedc9a7f6e2cfffe253d87ff028e294f2e1441c77dcff286e7ff07114fc51a4dc711c383e097f76113f79cb3564bcafdf093157dce099bb1edd87fff74f3e816bb78ee10ffeed3f472c1ac1579e3a8abda90a8e3cb90f3edae652ef37465d181c19459140d358f76f3c7ad83cded14407dc8128f294b88ea5de308ffec2ec340ae94547ea4b2209486ab4548b47424d7ce5d3ffcbbae24ab40fe76716b038378f5c2e6bb9efa436cb86d4a01979fb2ba52aedf1149e78e630befbfd7be00ec710a52dbee99a9b5193634e75bbc824c8ae6b0b13d8de1f455f22d69a3e9a1a0299813fd8620a64106272d55211ab56ad72c60088690434d533f7f3b7b48c1c99de27a9ea7fe94b5fc59b3ff061fccb7ff2110c74c409a80296d21994f2790cf4f6582aaf17a21fd5377ab6390ae804b8989b18926d781e89217ceef35fc627fff253d8b36bbbf5afdf72eb4d78d7bbdf6911831393d3b8ef9e7b31cde57537de88defe3e9c9e5ec09d8fed47a0670091be219c3e374766ba843e57161ffbf0bbb0666cd8ea7e3db5f9655a71492c25a5be7cfb3d88b9aaf8ad7ffa4b88531d948a9d2d53e212a892de51dac7f562de6cdb0a25f186b17e24bc75042b5902912a32d5644b1a49d0f1bf4969353ca99d02a16d57e3e4764b0c49305f7dd94e74c4e3760f761d165d5787c9ded6705885de4ab5d73c72b62470157c236fbaa2f3943f4f956ae08c97c74bd2097cf2c86b220c05f868bb32dcf8a825484ae9f7f2f4d11d1d0953839d11743e3b5740928b4139ed02012f366ede6a26c0d4c404be7be7fdf8f34f7d16ffee8fff02ff910c727c62e645c1fea320015d5a8fde6980ef3e460d4b5d957a2f2f0476d1f8f8043ef5a94f63ed9a319b17ff57ff9f7f4c93e5dd34670af8ca57be8e6f7ef5eb181e18c4873efc4144c86c3f77fb7db8fbe019746dd88192278ee327a79127d8d7456a3f00f6d733ad28c0dffbd83e3cbd6f3f7eeefdfcb8abc66c9b80975648ac3c6ed58a498672214729e9b704940abcd9bd733b3c52eb6bb4db798c506e8134066c79e71dc79e5aab006f40b6ed4d9bfef9da2bf6d876fd36b053923b873b7df436facd00ec80dd013c55fb562a69d52b6624c7a193379ec068d658544f132532265d5401330ed350da69cd48eb30056931bd3d3459c414780d1db70c76274ec065893c568d8d221e09e1e0de7df8e69327f1c0540d4b89d5680e6c44b6664ff88a909939047b3014405c0382087847757ff16bea9c3beebc9b605f85fede2e7cec9fffa67551defbe0a3f88b8fff05b52be0fd1f783f765d7e191ea1a6f4dffef61b08adda82c4e8469c9848626e610995fc1206ea8bf88d0fbc6d45805db46200bf94c9e2f3dffa3e56f72670fd3597b7b61a5e912b51eab20169e08b02572a54634d1af2edcccdcde2339ff91cce9e9bd4fcac54b99feb4e6bd54089ef80db91eee711b775c7c2d8bc711d8f72988bd476d308968f27ea5496416f92dec0efb6b1ece407e61f50bf7fad9041a3b0847a36891a4b9536a7d26a95a9a188549f45e829a59501994bae1b73b27ddcd62abaa62d75c3fce32113901a393ab6ca7a063a86d6c0dfd987a62f849a2780a964c6aef1a324bd135d5bf90012341f64a35b93746e4a7b5f94f23453f46de408bded6db76172364973e4ebd44ea6f0133ff11edc74ebcd3839318d8f7fe6ab78e25c0a9baf79239f414385c7696695e02aa6b0b3db877ff3cb1fc6e0405fabd6d73fad18c01f39358e93478fe2fa2b77a1ebbc4cacf298e72a949c94e69a4cc24b955899673d6c74f2dd8c8d8e98ed6b33cb10a402b105cc88d4306d930378edb3cdf6d7914283bd9de8fe81bedfe700aff3054481dd80d802bc23819ded763d3299be9e04e2ee2abadc05f47a8b18f0953018a8622ce14594f6ba734f0e500ce0ad3a4d8b6881fb59936379a9a3b9e46edb2fc00d8fadb6d8030de995d2536151cebd856cd1b9e7ff9fa43ad455b6303f8ff1336770fac4711c3e7800079ede8f63478f59c08c66c7d1732fbfc7e748d777ee219d4ddb7bb9e1faeb502894f1d5af7d073b77eec04fbcf7c7d03f38804f12e89ffee6dde8dc44ed2a318053a7a7904a2ed1a6aaa2915dc0866011fff427df8e81be1eab6fa5d08a48802189f50ddaa47b1f7f0cbff62b3f47f5b6e7d93a336c5cf79c9812f2b138396e5d55a9e909ecd8b2010ddafc1b570fe38b5ff91a663215843bbb4df27b8261c706d77fdaf3ba6e51c932049265e0693f4d801b766dc42d37bec1c0ac809b62be6869b21415a663d5a875a880c73ffac5ed4d93da0b4b29ec7fe619eb2d78dfbbdf815bdf7c333efa91f7e0ed375d8737bff10db8f58dd7e22d375d8fe46212e9640a5102d6274f3fafe595d7df6c7d49792e5b0cc0b4086e33e6a2a59802d7756d25dd383d3e85a79e7812831bb6c2178953bb70eecb53c9e30ddbd7d8f92f442ff48d046e3925e7e7e6ac4ffc89c79fc0c30f3d82471e7e148f3ff6049e7c72af2d1fe1b6071e7808f7dd7d2feebce30e7cefbb77e0516e9f9a9eb1f7149469c3ebaa3ebe1dd56cc1357aef3dbd3dc8f19dbef18dd7617474184f3c7d007ff78d3bd0ec1cc2e0c61d387e7a1269be47bd640d0e423e89ab5677e3d77ef60388c763ce8dbe005dec6dfe85c884406bfd754d8a9c7aea9943b874fb66ac5bbba6b5d5a16ca144bbda99ee494bf58fcba695c3abab930d82f6f933474e5b8a696de76b93a8764acb76b7cd04a9e3ba537374fe6a9eb98d6b5799034d5bc4249c8498e7a9f3029381d2019f49f8d63ed5b19c39474e3c79e0056607ac2c2d10cbfb6a8c86f55ad199cee239b29b548dcbf48307e89aca61df3738c8f586e5d6374da4d5f5a8acbb550dbfbb40d228b5271e7b1c9fffec17f0d9bffb1cbefdcddb09f4c770e8f0111ca1243f76fc3826a7a65164830d4723181c1ac49af5ebb169d3660c0d0d537a37f1cc53fbf0e94f7c12fff93ffd17dcfdfd7b914ea76dc0519d2ab997ef4bf105ea6ebcf4b23d3651c69ffff5e771dfa1b3e8de7239d2350f0e1e3e6ec3963dfc4ecaec5f9c3b8b9bb60ee117deff0e9eb7325370af08c02badd3f8e933b8ed961b4df29d4fa9bca4b29c691ac84215960d301a0ad2a6af511defc6ac24091bbb9c68364085c05028ad85d3aa582dea6d77547603358b80e26d54b0619d188ce3b01353d1b5a42a8b4ca996846d15d9dd0ef8d5f5e6e6f14e524a0d777df8b127f1b5af7f1b1ffbb77f80dffcd8efe2377efbdfe0377fe7dfe0b7b87cecf1bdf65c06501eeb301c516ba98d22311267ad453c72f950929c7dbd9498f2ece7082e9b1bbee573904953a50afd5224693c3333833bbef73dfcc91fff377ce5cb5fc39123474d524fcd4c23995c3467e6d0f010f65c7a192ebbec526cdeb401030303080543d68da9dc7c9d893806c978d66fd8886ddb7660646884cce2717ce10b5fc3fcc22232d90255fa2266e79328f3968e9e99c07ff9b3bf45293600240671900c7a915a8f4dbf4536ac01419edc1cde7dd556fcccfbde69c949572aad08c03f7df8a4cd79be8b36def369818d47195f6b2dc79724533ce484d4ae1e19c2d973136c9083947e0ea31098046649ea65f03ad258b8e20f9ec70a09963a12b4ad4786068c019458bf46c8954aea77579659d6a1e3753e816892daa4bc23b9054ef91754a8a7633c5dc144a189c3c93a0ea55d389275e32897c792352c640a76beb02b5bde545f6348ad7b6adddb7345bf4d29717eeb9e79bc7a04ba3b34cd741885f412190ecd0e3e87806f71025cbe10a98ea304f667fef633f8cb3ffb0bdcf7fd7b2c962012895a704f22d1819eee6e632661824d79053455f5fcfc1c52992c32b99c4da1e551379c3f88502c814457173a7afb3030b60a6b28f5b7efbed472f83ffce893b8f7be07f1f43307f9be5c3875e62cee7df219848637607c2187d3274ea3592d5b9094ba45356f9e27338b9fb8610fcda06bed3dad647add3fbd1ae9d3878f597a2785aa3e9f5245672a2885cb36885b0d59ed8c87ad7baa3311c3d9f14974747659465893163c46c13692bca646ab61b111a908450638630835c468232a2dd5622a8b99e939cc52d3482e4a42652cd4b3d20aba3150117dcf02bfd528c5242ae58a318048471702d10e04bb280d7b8611ee1d41a4974bf9154261c7b21528598ff51ae83ed8e04502a4eed3eecfd6f84fdbf4bb55c47ca4a774c42336622f9749d9bbb0945d043e5f9053c779a4f324493ff5a9bfc6fff9d33fc362328dceee5e8cae5e87c1e1518bfd2f50635242cde4e282a5fbd6b3f650738ac6a3c6cc94cde7923d97e1eaeb6ec4756fbc19d7ddf826bcf1cdb7e2a6b7bc196fb8e9065c71ddb5d87ef9e5d879f595b8f92d37e3a9bdfb586f14474f9cc51d77dd4bf3e0042a85320e3ebd0f996492df878c8345ec4f09bee3f52cfe9f0fbf03575fb6eb87b4bb9548affb2496997c013ffdabff0a639d21fcd17ffc5d535745cb75fedd430770284bfb8ed266eaf42904b9ffaa55bdb872d7366c5b3f863ffaef1f47aa5447a1e6c212ed424f340e0f01962f3b813602a7b2c52ecc4c21b330e3f4d3cbeea5fdbe6bac0bbffb2f7f8b3f1bc86732a6264bba0948029bfc048a65f72b42ceaf387a45bd39927d767e1177ddfb20bef095af21d23f82b11d57a09f40d26c35bca8614f69aa5cb9247a3d256c19ee45473864c13aa170c0baba024a4ae957108e137167d763a3b7fe799a0deab3972fc01c795c97532749f0fccb7ff56ff1e8d1715cf9f6f7c1e30b42936446eb19fcd13ffd497451dd16c95178d7dd77e3f1479fb0cc3f3d94c69d3d7d766b794aec6c366733f4c8db2fc6e0e173eafbc46977c7c94087a9d6f7f7f75b965e9dd4e0736b428d22995cae5245869a5081faba620cd2f90a2ab934ba4a297ceb2b5fc24d6f7d3bbefeedefdb00225f671f36af5b8d0e5f034f9c9e33a6a87b70554b58df13c187defe26ac59356acc54f45a6b9f2f46af449d2b2289653657c00c25cbc8e08035ecf3490d31592cb38150661384b29be555262210d2e01936e4e9c51401146109f17847c20b6c264d5b36ad40af587822c62498b66b82d95fffe8cf62c7a635b4e3c730b67a0ca3ab566364748c9a06ed6482315f2c98077b7262d2f2e72d50fae7f8516c341d6de6ac32d9f26272ca7935a5b4e916f221b41c805c91e75fb6bfc891dccfa9f2ce6f15bb65e718fbed14f3352c1755ca7395f976f5e8284af9aca9c6625e4d6a2101d660b3ec908e1e3d8adffbbd7f8ffbeebe1f41322a45c5494b523d3259e45c93e6a2c13e899e1eecbef22afcf8873e820ffcc23fc26deffb00ae79f35b30b4751bb281080ecc24f1fd83a7f0f5270ee39bfb8ee1ce23e378e8e4341e3e3e8d7bf69fc69d8f1dc3bd0f3e8d992387f1a5cf7e0ecf9c5bc467bfff14a2ebb66370d7b518dc74092ade10a616d33684d8a75b2c6571edfa7efcf63ffa20d6f2bd2f83bd4d2b40a5cf150a943425f4d17e7cfe87d7d0d12c6d4d17355f4d2125495ca70a6a8351d858930b0260c1ba48e44c927d2e079a40c0d6eda8f45c37af3eed6c176d704287b8a963b427819ddb361b33b042a0ca29a5b452714ac9a1e141ac5fbf1e1b366f223358654919d44bb0b494c21caf2b5f422ab9c08bf15cf3d0cb13df3453c271fec9b656cefbaa496cc71f20f03aa0e65ffbed6c7bfe524f4f8c2eff5e3601b894345fbb76351ae522ea2cee26d5f94a1e71bf0b194a9d4f7ffa6ff0877ff04708f1fde89deabe64ce54a8d164b25993ba9bb6efc05537dc88b77fe027f19e5ff845eca09a5e0c27b0772a897b8e9cc3b79f3c86af3c7410df7aec28ee3b3285a72752383a91c6a1e3b37872df093cf2d821ecdb7b0ca74e8c63e2f4599cddff184eec7f0a8d5007ae7bef4f63edeeab6d6c81de73339b447e698ea619190cdf43a85ec03bafdc8a8fbce76d162dd9a61fa4d73de0f325029992ab8bf6fbf3015fa604d7a01165a9d1ac3306604a7ac5ae4bf53d76e294cdcde6a1845520ce3252040ee2d600a475d52aed412ab3f9c179bdb5230336824d8253a46e24c5b96be08a85b7b6cc8100c11ca31dab811d6363a358b57ab569001ab4a29876a9dcd206a4fa2b6183e5bb97ddcf7bd752093994edd609e5d5955a17fc01e236edb77ffae968072a02b9f53808f05c8a65ad2303f2bbb9bd9443b3908237bb007f398d3ffee3ff8e7d4fed350d40493ac4e82c18894b65ec8974f6606ccb0eacbaf42a84d66cc4997c1d771f3a8bdbf79fc4bd07cfe081fda7f0c8d3a7f0287fef3d7006878f9ec3b163e77092c03e73660ad333f3c6f034157791dacdd2dc34268e3c4d2dc78ba95a18a9ba1b674e1c47293d8f80ab066fb36c5372cb17e2e1fd0e04817ff2fedbf0eedb6e6a45edb5e9f9f4ba07bce2e1a5aabf5020439e52bd5895638b20a5b4943a2e5009b467ce4de0efbef22dcb14ebe16e014a20d77a438e21825580578317589cbe73a9f5aaab81756b46cd46965950a09a5e6451975f430e30024b0c444cc061144e28adec7779caa3d13046092a25a6507d5e8249f6b54c0565a171c0ae41381ab14f38f07ca763d0013befe059121e8d31d98fd67aab482b90c660a0e7520c401c6a78a01f237ddd686416d0594d632850c5ecf859cbb3d7d7dd6d71057a4f3ad7eb0bc04fbb393a30868eb17598abb9f1cd879fc167bffb08bef7c801dcf7f8513cf0e8213cfae4511c3c42697d6e0a73b30b482d2d51f54fd92c3c058d1a2ce458f88e149444ed26333f83c57327114b74c3dfd18b66ac1bcd5027063bc3e88b052ded57727e81efa142264d7bbd3b8a5ffdd9f763ebc6f53f64bab5e9397add035e46b703961f0e1a49e5cba811efeabe11906a0a2ce1ba523bdfffd46194ea2e1bb1a53e784b3829e093792804576abf03209eabcab8d351df9dbe6e01f8a1071fc683f7dc87a34fefc7fcf81964176651c824a921d3c6a5f45460cef280188156d25efdd1414a7439ddd66dd86436bba427b16933dec829e8809eeb926c3c9797fa01902f93815c741ed055d1b3a0e77318f05b60d73b125309d18e7fcb8dd760635700e16a066e32a9d1e1217b170a0d962924e6e6094610eaeac3c0c6ede85ab719a75325dcf5e05e3cf1e4011c3f761a478f8f534b994666218962266333f454348d76b1c05232f3a9c1679096a2023e97f20e2ccd4e20939c4547cf00fc9198452c8e7484f1862b7650dbf1636272ca7a2f94f25b9377bcedea5df8d55ff8b0c5d5b7e9a5e9750f78b3e3d83833594d22f183640e3b02b8d99454d6001a0722f96a13158f42684326b9659f972b15c7a3ddf2daf9a446735518d21f05ed689f425865d3de71d7fdf8af5481ffc5ef7c0cdffafcdfe2de6f7f158fdf7b278eed7d1c33a74f20353b8de2d23c2ad925d40a5982b760ce31496addb3923e08ecea92f3f33e2c069f0d5fd25dc7c9f4908dad013e067adecb32e8ed965a2b84b4fd5b5e739c7d2d15de80de2ad26ec85034a71ea82e0ff477139045f4f7f4a0bb23610d45f10370f11df882f08463e8185e83d11d7bd0a4047e70ff31dcffe83e9c394bb0e60ac8f3dd5ab2106350ba6f8259e7abf05dbb1a5cf2baf281d836eeaf16f3983d7702c57c8660efb7e49e2e3ef39a9e30766c1cc3b123c7ad6e4d9e19a4100fd5f2f8473f711bdef38e37afd8c8b9bf2fbdee019fa07a1ca08d3cbfb864d26c99b49ea484578fade656b739d529718b5c4f164a58a41db9a4012342111b589e8d570d5092bbee72d25149a2ab1e05d14833301f810a417a7426859a2f8acbafba1aefbaed665cb97d1346e294904b333877e0493cf3d0dd78eade3bb0f7c17b70e8a9c7307eec3092339328b426b2140035f3acd259a9cb4e997497c16e45202ae511f19121f129c428747d47bf10d2096f815acfccff8ebdeed8e9cba0b74269ad0c3ccd4695cf041c3f790c9ffae4a770e6e4198b80d3e916f7cf158f9e391046b08b2affd69de85eb70927669670c77d8fd11e3f49a69a47ade99655d00233df89156a042d902b00cad35aaab8a83d68d8b14279e727cf98e6d449c92e132ae26de2b26d6b6decc38143c7f91ee4ff205345159b0612f8a73ffd13d8be75b33e679b2e905ef780ef8a47d137d087b393333fa0d62b4065365bc26c2667932da4ca8ab22b607262c2baca92c9943983cc5665032ed2ae0cb2c149cacb9127479a268254dbd69057a76e07743aa642cde171aab4138b298cad5b8d6d1bd760e7a635d8b369352e5937820d035de80ad2164ecde1e4fe2770d7b7be8a2ffceda7f0bd6f7f0bc78f1cb65962739934c25469759d0a416189254d622acd168142ad20e2f750e209f0cf232155c68680670ca0057415019d45f7acb4dc7e3f41c47afefaafff1a5ffdc25710e0fdf7f5f41ae8a4e24b63717bbd7011ec7dabd663c36557a11488e29e270ee2c1c79fa6549f44be4413c3ae246d47206f019b80369037e564abdb00168b1fb05e0687d92469eacc4e9fb5dcfbd1ce6ede731dbdf120aebb6a376669a7ebdbe9facaade7a9e4f0be1b2fc72f7df83d181d19d293b6e9ef419e8f7dec632f3b5aee4247ee882e74f4ceffad3ad565f5c49133387dfc38def596379a436771298d83e7a6b077328568ac03dd3d7d48f40cb2f45b649c026494e0b294cd201a89204e957666761eb1de7ebe313f32953a3ab9ad58aa1860a4ba6abcbab2e1c8d65728aa45db1130bdb100def3f637224e83534a7ad0e34224e8432c1c425782cca8b313837d7d18eaeb412420fb74028f3ff90426a76670f0f809f83a07108c77194065732f8358da88bf5ac0484f1cd180cfec7e7591fd40600d81aaa5a9fbfce3f452e887f8419d12dd6d195e4f9e3e8dcf7df60bc8d3ece9ebede5398ae3277cd593c0f335ed548c527764e336047b0771e8dc0c1edb77c41c70393249c7b7af6ac558a83309f002be1925922ad2a39edbaf224d43df75717ed686e376b15e050849e2af1de9c3ead12167424f6a36eaca544ad19144083ffdee5b71e9aeede6f358a68bb97dbe18bd12756a10d9eb5ec2ab615cb37313cecd2de104d5d4af7cef6efcbf9ff81cbef8e033c82793c89c3b8ee9c3fbd02c642cfb6bc7e0185cf11e647345cc4c4f219dcd22b5b840d59a80621100d494d5e72e679efaeed5072db04bea4a2a9a562ff59a8051939784f6864208d1bc50b8ad98457f4f17466927af1f1ba47dba0a57efda8adb6eb81aefbbed16dc74cd15789a6afef4fca24d3e61aa3c25ad72ebd992a028e5d264221ecba8a36b19b51692b2f68ff7628cc296fc4d109b879fe7777677505369e08b5ffc32befdedef9159f82d67bbba28f57cba67b078220973caadde7d25b2de30ee7dea101e7cf2194c4ccda24ce92ca620002bc640eabbc0ae75312515cbcaa3dfadfbb1710bd488d4673f3375ce7a32d40d29ff8772f7efdebed14ca513a7ced0aeaf5bae7c577e016fbbfa12fc939f791f366f5c6ffbdbf40f23b64ffb1a2f49171ae627bad050bfff9b759e9b4be257feddffc450d88da137dc8cae55db8948dac56c7ceade92ed78e2d1fb104e74dafc6b1975194d8f637cffa3181ea1fabd6a10a1ae5e740f8d225b75617c296fc3394b8532e666a6915b4aa29c4f5bb79b79d1097ccd072fc9b5b1378ccffcc9bfc24098684c2fa191cf9a73cc40cc372fc96bde7d4ae686db8b42a581d97409ffeabffe291e3c318be1ed97c143f5990834462286225bbc929ec3ce55fd18ea4920118b22128e583e7b717c3126bff2da49da13b4ea465b1e4aab30de78671c870e1ec6bd77df6329b195e35d814122690102bd22fba294eac31b682393e91c39338103874f3a23d42a04210fb7a6a3227013d02ae643e0364975b10ed32e7870ab76d31cd41597e6bb48747459a24abdaf20b58d5594ea499a403209747ec0d5c0baa10efcfc87defb43c39acfa78bbd7dbe10bd1275ae982496fd6ce0dbb66e44a1773502435b912dbbb1942b23952b214dd0fae2bd587fd54dc8a6d2c8cc4e11bc7954d988a37dc348a633963649e3aed570ad3b8e0d375f2c5aa8a939ee78ac339b8c1314634ebc1665587f4e5335996a4c8949ad40aaabc24eadc811c52249675e7e2243be8250244a8d20c12b718339b72ae6c96ed6caa814d2887a1a96475ec073c8019fd3d5e6a8ff02a423551d9b5db6b812441edc7f08cfec7bdaa6900e9351e8196cf08f9e45d354d18418d9be0bab765e8ab97203df7f641f1e7efc194c4ecf3bb3b258fd0439c16b39fb25c5a9792cff36a9cefd3ac6fc05d22cb8bd4c4d687e7e1a857c8652bddbba1e959baf231a4227359fa5c525734036cb797478abf8991fbf051ffbd55f7e49b0b7e9ef472b02f00ab9dc383280629d40ad129c6c8402810df954a1eaa8eea69e55eb905e9843b59477247020645d5173b4f9d5976f79ea5d94c4c4562697253ed40de744e5891948bdb79c772a927cfcafe01e7525e97c8a5b8bd3d7401549f4e5c12b029b53ccca35afb8fae483dcafc6af5c76eabaabe4532864522826e7d019f69bb34e96aca4be81ddfe392abccab283cec6d5735dd7d22caa478f1e71a4ae4c0d5ec3c6de93b134a8dd440746b0f1f26b101f5d8bbdc7cee19e47f6e2e0d1d3584a65ac2e815dd73260cb9fc0750337b7cb51a7ed6eed6b9031a89051a93b314fa93e3d394e89ef24ae90f6418b041d61daa07cc70aba69968b282c4c61cffa01fcee6ffe8ae52f78a9ac346dfafbd38a00bcecd7c57cc146b0b9b9aeae287380b1b1cab956a7446293b5b9d783b184058848151529a9a5126058e8ad3a842439b93d9f7772bca9bd4bea6b649a6c7a918d95b7e31b2611353c960867610b978620cd40403fbff05c37a56f2411b5a1b883fdbda8e7163171e0094c1d7a0a93879eb4327de42904ab05c4827edea3a336f3415acfe214bb3e416863030844032a69616101274e9c103e793b6418bca6927ad4c9eca4beafdb7539d6b04c644af8ce3d8fe2d1a70f99549769a2d7e1262373f36403b4802fa01bb80974cdcc532fc34380bb6b25b8aa45d48b399a3b8b989b1a472eb5886ef92fa261f8f8be8354d77d94ee6532823a257e7ee61c5cc973f8f11b2fc53ffa990f52a55db9133ebe92b42200af79df0f1e388aae669e8d9212c700be2c951c2925f052c422ded36f0120524715fe2abba75c6bd850cd9acb67b1f952b32d4c968ddd06b1f01a028f0d47a564567db69d756850ceb1d3e38e8497da4c704bca9b8a7f5e311b5db0e279618abe375e731936ad5b854a3689e2e2346aa919d4330b70539d1fea8953faabff5d5d5c728ce9191cf0d93d4985ae3a5d85cb5d86daa6c92fa43d2c6b15b52665346df5c1759bb0fdeaeb10ee1bc223fb8f9a54df7fe4145269322a019c75ab6b4dd7b02e37be3ba9edea76f30ae095023ce51cef2d8332ef3533498de0ec714c1ed98f89a3fb51e37d07c90cbc64029e4ad18e17c86bd934caa9052c9e3a887e570e6fbb7c1b360d7458f45d9b5e195a11803fab41197333f885b7df80408d925ef626d5481581442053c316f8055c7f30c84d55038524a19c7b451e9217e829ed6537abe19be434a9ca9d240db2f1f90236f65bfc434c447df6070e9f20531043e189cf4a79497cbefee5a2235af7110e7871f58e75f8ab3ffc18bef7c54fe0affef40ff15bbffe8ff1cedb6ec29baebf0abd1d11f8a48457158e4a702c174a592d3516bca9428dc6b6f179a5f61735369d4ccdf4023e579c00dfb4e76a0ba23936bd886f7eff21ec3d78cc06b108e05e819bf7e474b3e9f6c59278367fab2f5dd35235c9804a04796afc045c9919acedf2e1d2f5438890b92e9e3984b8a78ecbd60ee12d976fc51bb68c20dac8233d7506694af4a573474daa5fbb6904b75e7d39560ff420c2771f8c44ec7db6e9474f2bc24bffed87f6e2939ffe2c3ef19fff353eb36f0ae3d5109b2ded6382cba4a11c6de5028ae925a4e6a63075fa380ac905d434ab0ba57d616901975cfb26443afb8c0994c82852e924568f8c62717ed1a2c4aa0498a658d69cf11a4bae2cb652851507bea62b88db3ffd47e8f292c91838b95c66347afd6204a2e5a56045600a60d23a9abca640aa18ff22af91ce152d35d4c27cd20284725985e512d48a6f2790fdd234027e27328e0c4c29a3eaace7c8b1e3a6ad7802610cac5a4bc9be1e73b9129e3c701ca7ce4e608175e97d883928f1a3ee47acc86e43b7a67bd576deb71841bd9085afb48491ee04a6ce9cc0cdd75c8191fe7e9be8b2e171e39e071f8287ef76f7259798dd1eeb8c5b10d377eeba075ffdf257b17dfd2aecdaba096343c3e8b72c3831acde7305ba8747ed2dac648ffa2b51a7b4d51591a6fa8943272d5bea8fdff62628bffa44aa6012caa41f554c68208b54cc1c5f5e398f9087128c123e57a4facf862d69e98d76d91ceb0a6491334c51789a9546d35195c9141a0471835251c73baa74d5c02380284df2b57bb662ed60b7a35d0834cfe7b3cf825d4449aae07c118f3507198b5236853c2e74847c1824c8d487bf6dd31aecd8b60e9b37aec29a5583044f0ffa7b62e84e849108076c5c7f249ec0f8f40272e52ae2bd0358bd6d076283233878761af73dfe0c4e9e3ec786a3a495ba0e9fddd88b140fdd079511166d530402716c8e4281beb43487375fb113bb37aec1fa813e74d39ae90a7ba97dd410f134b165f5089a99343abc6e84835e8bb48b077d78e3b557a3331e81bb54b091795d1d9d08c722e8a56931b46e03afe9bc8bd7625b7a21ba58ea94592906feba2749654946d9d37eaaf481dc3ca2c5057457931868a631ea2b626dcc852dbd11ec18e9c6d65503e8a33412c82461bd949a95f3badb4ceab14ed9c3cb1e7a22b3a5c66ba7fad6090b6de7f94abef8f5dbefb13e76dbbf7ce0f2ba9906e7175e47cc42ccc1cc0f67b08c9c8ea8f003b334c564c8a49ab9343c94b411dad23d01178662018c764531d69bc0686f27fa3ba2542a4aa8b8bc58bbed12acdbb91bc9ba1bdf7bf8697cffc1a72c49a75252e97acbceb8e780ed24c4506f808fe0f7c96f2026c0edb2e1f5dc219f071157dd9890125f563249049a1578c82443ae0676edde8e4a3685fcd404dcc50cea64aad9c559bce5e63761ddbab5649455240607b0feaaebb06aeb767baf6d7ae56845bcddce8e980d8a5172051f1bef70c485e110301072a337e441071b6d94f80cb0314b7a499a05a8fea871cbe2915dafee3b233672354a714b497727a885b6be81de216bb472c209f43a96aaf59d8fecc7f173b38e80572f010166a3dee44b10b85b3e85670bebb642b3a0a9c2755bb2c8a9d52067af178ba829475e3647a06550e6f3159372f22d20bbb088e442128be90c2a9e0036ecda8d70df301e397c06b7dfff24f61d3862b3bfd4588f7c07d6afcee7e6231b9f72c0cec2f7650356f84852f5a5c12cabf4eaba3c7ef224d5ffba45c97576c4f1f4de7d36d3acea541092c6fc6fd8b91da78f9fc0e2b929d478cf25322a9db3e7ca2bd13334884bdf740bfa681e599ab036bda2f4ba4f62297afaf819fcdc6fff3bfcf687de898d3b76e2ee270fd9b052b56c01ba5ea57a4a0d4033c2280a6c7e611ee7c6a7309d2ea2c846adee235f471f86d6ac478cf6b0ce516a650f255847bc0333e3e74cadaf2ac4968ddc426df95bf9f1d4e86dd82b4d870fbfe51afceb5ffe08fc254ae57ad191a8262d09367d85e77886435202a40170c5ba116da96d8ec3f0d9c016818b4cc4c6aab390b78146082ae16e94821d5c76e054328f470f9fc699f1194b5555130391b960f53b2017d352f08fa4b949726dd33e1de75c5d1727c329a1944ddbf05ccdacfb81eb77a1374ca6c83a930b7358989ac6b64b76c0e3d7b4d44184226164d3693c7cc73dd87cc976f48d8d20dad563e645dd17c4badd97923ffe30d85f8b6de985e862a9734524b114ad1eeac3e0c808be75e77d08529acbe1354e009c5ac8e3d06c1efbe78a787aa18267164b7866b6804333394c263370b1b1aad5cbd9e138f81c292f3b5eaabcb2d928a8c724bed0b18c58ad539537a92f69cf659d6afd97ee7c089ffdee03483582c89414ad5743a1404653aca2542ca35c283daf14ad94f22a052bc542de32e814c87072d9ac25ba5486582df541e5d05bd4284032ab997c05c98617773f7302dfb8ef491c3c740c8b64666248d62340200bc40668168159fdec322bccff407544b1fbb69d8fa26ecaba32d3d08c302d88da4d99ccece0714a79be0fed9773ce1f0ce3e4b1e3a6c56830911861820df30d6fbe09a95c969649c566842990218e6dddf182606fd32b432b02f09140007bb66ec223078e61767a1af5783f725d6b5119da0affda9d08addb818e359b10ea1b8137de09772842353cc846ec33b07ae4292708962762304948a02b624f916a66af8b8473eed33f9da70136067e430bd783317cfeae47f089af7c0713f926162b5e2c959a4817954cb3865ca98a428960286aae3a6a17547f55342ebe502c20475559254bd067b94dd364695eb52c4b265f622963295f659d7532151f4e676af8c6c3cfe091bd07313d3e412dc4e9923427a06c7001dd80efa8e8ea66b3e8b85ac5124f689b4c20f5f7f3649a0d8b685053f1f171c29e06faa25e6c1aec4291205e482e11b8d40cf89cc3ab4690a386932543d23b53b4a286d906e27144fb0691678d2e6a4c4a9e1108b71357fcdfa4d7fdf0589140a82eadef3d7508b16605bd1b7762112178942bcee347a349c9c5e3344db41a6f81d2a7944bd9c012e59cf7b281372885a254df836ca092ee8ade2b108cca06a3915f365a4e529120b25965e4e4e36f318ae5b87649b2eeae5edc75ffc3d87ff0000686866c345ca15a43a9d640a5ca42d55c9a4385454ec18a45f97129a723d715b957a1ce5eaad45bbf9d525470108571b1ee469a52fde9d9229e3c3e6e1369682cbf24b5819ae076a2e5345ebd6abd115e2e3d5c0af0ced87507e83a56fe827a290fbfab8e81ae18560ff7a1564861555f27ba822ec489fe68d0cbf3ea88c7626612a86bd04b26ab1063cdf9c6976cefb7e40960e3556fc0e6cbafc6aacd5b11210378297a2db6a517a28ba54eb59d1503f8582484074f4ce0e48103d8b09d806f860940aae394de0a3f958a5ba15452cc779100d6f053bf5f802f9aaadaa014578206cda6a294d5ea4f96a4ed4e2490a72a2dc03f6753b310a40adeb16e3dfee61f73ee7574746281f6d9d133e3b8effe07a912d7d13938a2301a6a0c643a3c56db04f47255034e5aa016f0f55b450c81079755742c6fa65c77a1d870a3021f8ecde7f0d4d1d3b49b3350361981d849484170d72bceb251e1ba03769f815cfb6b0ef8edb8127ccd2aa27e17063a22b8e5c6abf0dbbffe51bcf5d63761ddea511b7310244388d24e0f077c8886c208f07d49b557e4a046db69f475dd1b409d2a7ec7aaf558b7e72aacd9484d4add9b17e0a05bc9e07c25ea5c3180178583015337bff3d05e8c0cf4a31ceb775471496f824c805772c562366d52de004f095f2a158d61883984a8ee6b661779e635184533ab7452aad9b451ba476e53e41d914e3556436425e559b7180a8b2ed64106914d27cd4958a22dbb587121edefc0c452c1126b481a2b2f9e002c302b504680e62e6e53d1bac31caa0d2e9b6e94ad7850e1b2c4ed6e82b0231ec5404f8252398e7e4ae6fe0e657b0da12b164457d88f8ea00f094ae658c0635973c294d421aa32dc84a087f639d5f390cf8d30f745b8511acace5d3b11a6c41e181cc0baf5ebd1470d454925a53168420a0f8b86f8ea1e5cd13846b65e8275bb2fc7da1dbbd037ba8aef33f0ba684bcfa78ba5ce1505788176cd402fee79ea20e6d25974aedec28d8ec34d5d6e3f04782e9545a6449b55e3c36d728a4417a553043eaaac6212ca1d1f0d5392f14596097a6591711cd9b2f71580e3a4935e0ec8e10e4af80472d222782de5bfdfb8eb4a78c271dab53e9c9a98c4fffe93ff82279f3e600e434f2042890f1be1575021f88bd5a6a5d6ce73478e4b950c39415aa3f258b22c1aecc35ba6660210af16b0a3e2a35aae905ca9ec16876feb355beab747c7a92bce0d10ebd464dce6e40c11c8669b8f8ca0bfbfcfde65244a86323c82755bb76170dd069b82ab67cd7a0c6dd986b16d9760c3ce3de81d1a41381ab36e4d9d237a3db4a5e7d3c552a700bf229c76cb2429ffee9baec15272896a6bc5a49615ee5b4e5669b9e1b5d409e67d578f347f53f55f4e1be5108fe07115025baaba6d699defa6945b9ecb4dc75b5dbc8e402f1bddf2d7f3a29a48d11f8bf3da4e6efa634f3c8ca63b80feb59b90181c833bde8d72208e2c82d40480d94205d3b9128b3cf025cc17a921946bc8508b28f101c8bf6de49b3ad178397b36f32b90392d7be2d50d270fbb391e79639e96a34d7e09692e1ab6aa79e235263fa06d7a0efe16739a181f3746763ee99df40d0c12f8db31ba6e3dbafbfa118b27ec5d5c4cb4fcaec4a01512fdfce77cbdd08a91f0cba4a496773dfc14a2fda394a211b33797257ca5544039974199367c21b364b3b22a365ea1b40270bcbbd7547a39df045e49783fc1e221c8e4e8335b5df026b0349b8b3359841a0feb67035283d22c33b2f773d4227afb06d035bcdad4e2527a01fbeef91e56af59835b6f7d33365265566cb9e2e1c5782cb05560d6b5a9f22b514593eb4dae4b8d56ec7d43bd098233efd7faea59ccafd0fabdcce09669199402fff2d87e992e6200067c0d246251c20e65ce551aac751b37d8faf3e9b5faddc5ce15a350e6f729a6d358a416959a9ac2e2f153583c70188b4feec3dc038f5a59b8ef11ccdef3202658a69e7a0699a969e4d916d4cb227345cc4d4cfef9f45a6ff3cb2409bf22026fce2781ef2fbf7c3b1e9aaf23b17abb81460eb25aad8cc2d23cd25313589c9ec4e2d91348243a91d4c018727c017d70dd66747675131cb497cb65cc2517f8c27d88fa8298e73972d411516c60553ba750cca3440652a2faaea4930ac2191c1c3626327bee14365e723906d76eb4892a4f3ff5200e3f722f6e7bdbdbf1ee77be03bd1d31c96954abea9f2fa348e6a21e830aeb90a9b0ec0c147ed5a8970373d47ba07d3239c4c8969d889258cf6ee33b10337096a60a581d223567e92b92fcf22588d10524eda91d29d9e77bdeff5e747575dab1e7d38fea1b2d3324ddeb523269d17c769f7ca762a0361907c150a7e9d250d421d77d7ce6ba1ca7e90caaf9029adcd7e4fbaa66f368144b7095caf6db55a136a6c1433c9eba17fc7c3e1fcb72a4a4314096061775be8412df41d6cb12f6a396a029373682c8ea51740c0d61cb8eed0e03205d4c81372b0ef02205defce7afde8f42f7464acc80757b2905742e398fd4cc0416a608f8d3c7d041d5548057a04a9436eaf0faade852fa66360a39f316351fb94f83592298e3398a0b17e8d8420df0656a0c9a46c91939e724baeca1962020cf90a1ecb8ea46740c8cd04676e3d16f7c0ee99971fceccfff22de7ccb4d368babfac7755e595327b3212b5f7d85f52aab8e402fadc4a4b7819c45eb02f232c8599c9e03817d9911e8b8e7a4fdb312ffbc5640014f001004048232d84aadd790dfcece0e7ce8a73e6c135f3e9f7e14df48f7fc8daf7e0d479fd98f6272113e32ba30d117263c4394d23e02de5fa97159879f4cc0cb7bf6f21ccd04e4e6ba9b0a96f91ff87dcc5ce133580094b4162ef553cc5a3e99060f501c85a60d13b83543418defa2410c57b9bfe6f3c015f4a31109d0ac0aa0a9efc1e2191ac1ea3d9762cbb6adf67e441715e0f9c1cffbd42f4c177a71d10583ee55aef3c1b3497cf358861f32e8f47b139c1ae69a9e9b457e2989d4ec045c640472c6493a0783210c6fd86636aaecf912a5b7e6476bb8ebe88d75607a52802f13380299a4bc6cc192a9fa02bc8195923e4e26120af8307bf624b65d733312bdfd9620e2916f7f092e9eff9ef7be1737df7423ba082a355a75ed95a84d9468b74b33b0b05d493a49ec16b81d503bd27e19eccbfb743f0ed8b57f19e87a03fce3fc77d697893bc5d02c4a908578b0baf4b3a7b7176f7bc7db688afcf0944e3faa6f243fc157fff66fa9f13c0d1f257290cf29b0c708fa6e9a147dd4c8ba69ce283642de116adb769f1a420cf91bb841f74a4e853a9775fe1680eb7a99046c95406e867c34e76812514d0f44239691d8130ac2ab1c8354913dfced960aefe392755a4e7e391e35f498ef20f2bc67bd58dabc9e65c502fed1f114be7dba0804c206844ad949fd9c5f5a402993c1fce438720bb354c3cbc8534a2b93cdc886ade8e91fb40656228875bd7aa386c1ee1e4c4d9ca304677d02160126104ab52f95f2047ddea2dcd4cfaf29a4629118e6c74f62f3956f44777f3fceec7b04279f790a63c3c3f8a55ffc059b9bde825fd8487d2d2922d556dd7c0ed89787e1b680cda53ea3497403b4036e01dd3e6e6bbb80ad856d7df6abb78ed1269d2bed840033c6c2eb113e8811144aad2d66b5e7f24bb169cb263bf37cfa517ea347efbf1f0f7ee70e93de966d874ccfc3efd3a4fa1ec815b0c91f4188a2bc29cd23e4a7240ed09865632668c1e20907e1a6548640cba5ba2935e5b600ada5720408bc20f31063506f0dc5b57d57aa03ada57e4b2b90a643b55f21d4047e50438e9587ef3c6a03fe02e8d5aef3f1c934015f868b8d4740916d5cca2ed18e5f448de09c278053f3d3b4154b168c232e3fba711bfa06474c5a4a55d7eca7957a05a37d03986e0da0b15170ba8081cc51c915ff5eb292a3647221d1d985c5c93358b3f32aaaf8dd78f2ae6fd09c58c0e5975d8adff9f55fb5596335f0264bc6935e5cb06e3c4977a1558c44e400db5649e781d6fe486d3f6fa95d048eb34b8cc0594a4b50d8ab45f1c974e03535845829ac943e5a596df5ee955d56c1464ae1b56ee37a5c7dedd556e7f9f4a3fc46cfecdb87ef7deb76639c52d5853f3f257580e08b06bcd834366a79ffdcbc2717412dc9aec6aca51273f2470bcc2c02ad2a903edf5acac1b9bcbebc94a6a0559932cea6f3b6715df6ba968180c718f2f974b1b479d3565aeb2b8e2439156167996bb91450242df585250594b5451e7227b3abc6bc3b20d18757035a06d2f2801a6702071df31c2859198f577797e3e9568a6a9b4f9d4521a8f21ca7c960ca7228f1fc81fe3e6b4cea1e531762376de6e191618c8e8e6168609852b6d3f2cfab5f5b37a4fbad4a8b2053125391e73fcd06904c262d61e5dcfc3c666767313d3585a9c9298c4f8ce3dcb909967338cb323e318119ee4fa5976c945f88eaacee61f5aad558353686ae9e1ecb9ea361beea9a948d2b86f04a934c26f58408cc4d4a65951abf4799a5148cc037b20ade551be01a5a8366df189addc3a8770ea21eef433dd6837ab40bf55002f56014f50019ba98ba3f44bb5c25e844ffb1345a3d1d92e6eaedb0220786aecd6d2acb40b7dfda27267111d3ca05bc6c3a4a60f35af3b701554b71757e5875c3b8d920047831008154c33f0df922019724986b8b491192294caa8b7513f9b6cf9c46641a02bd1a8ed9d66e1f724bf3c850b22bf65e196e4687072945a986b2e129f4d4180597f292abfb25148a581e7975edc56271162d9df568ebb71c6a2a8ae8eb48c44d52684699ceae2ef410c07db4bf15293742f34173d08f515a8e91a10c0f8fa08f60d7b161051711e86256962585f7cc17416d80660699d12b4d2651f9dcbabe014edf80bf6db20e1657300c77380e970a416dddab04b49b3637f576deaaa4bdeeddf97ecbc554733113d5cfef655d915c8af95aa20ffb4dbcf39b7af83db4aeef2b49af0cc1cbbf2f665ab1800ffbd900044882535e5ea3168845c6d5d5d8d8707c6c2c5203abadbe51415cecc1f9ebfc1309dccf917e395b9c46e5b17a0478a9d2eae6b2d96af2591ea6cfe0b6e4954a9829d5540350747d6bf4bc0779c9c5340c00049feecf1a2e8b82622cc847fb75bf641a0a63d5e09f306dda703864dd8a6216e188966153d9ad506a2a69a7a9ed04b9b4072bbc0715312ba9fae7a81d8811eeb96c8f3dd32b49d2a40c8c62bcbcbe82922c46c000eb8c7fd07b79f6770bc8a61918380960bdf316486dc97a9ddf5a57466227fa501186b6e43595824b29b4bdca7fc0a5bf5143c04a157e9a6e7ea5e236f170f1d28a057c82aab3b2b938de6b01d691d4865d16a7c1b151a921b1c109a845aabd066d1ed812e454ab9d53ec5c3632c75e54915454b13d3fb04d12dde70f5afcbd2669300d82e0fac427ff067ff0fbbf8fcf7de63378f8e10731313e8162852a3425962f406012a09a2b5ef3d58b81588317100c180e38968b988380ab21be3a7ed9ac90f3d11882caf2baedd7363209d6af75c5199c3d7b060f3c703fbe7dfbf7f0d0438fb6b48c90f33caf204993d05b239b25300554a7a14aca2ab4c8f9dd02b1c04b70aa68749f87efd6d6b564f112b0cb4b150d14d27c750e90b9ae25c11c685410e452e9b443f512823516ae071a2ace3e5f950c5fb1107c374e9bb9f868c53aedaa54f7fec77d47315f0bd376238f67232967d396978d2dce96c9b9592803ad62ecd50da7492ab6edb9d2247486b6b79c6af972016ba91ecf4dcdd016cf59779c3cdd467cb59a00b25e2959e454854b0db491c4d734514b73d3362c5533d6665897a67fdebe65abcdb9965346198d3d2790952cb33311e37b48d810d410b50381d4a4bff194e714cd65e6b5eca45bdef6ec47e6bafc0fc6a8788cbcff4ad555e27d29a1c6c2e222e6171669d767ccdcd17802497f993abff11bff0cb7defcc656453f483f8a6fa4fb9c1d3f8747bf7b27ce1d3e49e646b322200f3b199b34323227993c575c751522f1ce679fc3b803977a0b4e713649da6ba99de415f6c3343afe362da2c5ecc5f43571881c989a8e5b3d149acba0a4e423b93cca64ba251ea3bc03f3b934cd88107efc273f40d368d06abf58dafc8af6d2cb29f7f1bb9fc1d1b4ba77021680a16eb3422a8966a58a623683d4e2bc01be220f7b3187301bd9b65d5798844e11f099741af9521e6b4746303f3d6be7abdf5cde65352ceb32632352d79ea2e4148823c06b5c7a8420ceb0fe423a89000d482f6d50edbb6ce74e0c0c0c59749ea2cb14ac233056b8d4083ccd1cbbcc50d4a0a5ea7a743ea5bdec6b53ed29029dc83172031e64806783158035dfbdbaf7940ecb5262715dc36e97351dea33ac4f6ab45466d6cdf3bdac4fc0fa833ff83decd8bed5aefd7cfa51017eeffdf7e3e0fd0f62f1e419a467e7ed3e12dddd88757790e1c6108e8671d90dd72242e6b7dc74b5302093696baa6e6908966d87ef5e1377eadd15f265e49554249fb3a49d391685462ba049f304968a62ca657b177a2f0a83d62c45aa33168da27778c8ae59a1d9f5c677bd031bb76cb1f7236a03fe02e8d5ae331e8fe34b8f1cc4778e52a27b24c15ca852bd2e50b2d6d8306c6c3ca5bc46cec99bae30d98e9e3e6cdabedb24fc5252804f5112e4b17a78048b7373a60928e903d1e5480df58f13a08ae253f79c826f6c282dd7e311cd43bf84dcd28225abd4a83525c3d8b5fb320cf4f559371e2fc406cb73297514626b935556156aeaf4c35bd869eb5afa8c5aaa1740ebf659b98fff495c67e374a41d898dd8e979a045aa5d7c76335d086e690b167423e0536736f599db7d642affe37ffd370cf6f739753c8ffea1dfc8c047c6397de62cce1c3e82a953a7903a3781ecd4348ae9aca5f2d2fd7690210e74f56074f55a5cf6f61b110a0778ae34af12352d27b597e6aacf522267b305a4f9cd9608e00cdf778edfa5502e12c855b3ac94962c480d291408224ac61fa6b91464f1518bd080a120351a054705690205037e0469fe298d76b83381d5d75f8f5e32f865b08b2e2ac0afc4d05a91ea3c786e06fff3ae4394f061b57a47b5a514aeb0b1d468a7d524952905d47f5ea0a41f5cbd1ea36bd79bfa9722e0d3293204aae1ab8686919c5f30c00be0064682dd01bd00aae9a10956025d21b9ea3e8b11f002756a71ced24e35a9eebb69235e77d36de8eb1be075f3a6092827dc32e815526b525e128ca6c27298acae2731278c3be017c4ed4f0bfcd60fc1639de01ccb4a438d402480db3f015d4ca1057a2143472ccf5fd7dbdb85bffaf45f20f22236fc3fe41b89717efd0b5fc483dffe0e6ab34b0896692bf356bd7c771e1650da8ae9e9dd95684397ed5d36d0d1dd8506d5fc0549e51693e35b418dda8022ea9c597ae59f085073a2f943c0caff1194f372d941c9a2001ca520978fc32bed8875fae5f4e4ba5feb5c6a3d18f43b0e4f6a18ab77ec3087ebf974b1b4f9151b4b2f529d1a3df467b73f828726b2e6dc9254339b96d24099596bf5268a852c96e6e710a69d3dba7623a57c8fa989a9e402d2047d9176f6d8e0309668fbd6a8052895941ab2a9f204a2668411200da0dcae58f86c6a11a150d0d655b7004fdddd32dbbef196b7a0879a84523d0bf08e76202d81ea3d19525d1a03b75bffbfc06d0037649bff58a0d6075d96f21667affa097add97f64a4d76806e8fdc92ee8ed7dfb6b7f619d8b9221362dbf62df8d3fff95f75c60bd23ff41b290af16b9fff221667171090338df7e8b2a8ba329a1afcc2468a6c111ecde9c7efa167d4531428600b54419a025fc80f0f81ec51986c24e4ac537a2bcd962603e5c7e592eccbed78f65d620a345ea4b9d84cbe727872fbf25061f94de4f0b42e51eed78841c528e89b0dae193386713e5d2c6d7ec5035e942d96f15fbff734ce268bb4e914f7aef4d2043ba58de691731334cacbd699e84494455d581a189325e09768839709c8114a648decaa517a6b449c0026e79d966200028c034a67bc759a6a7c808da8c6d69b9c9fb134d64a45a5c91b6ebae53674757559e61b033c412ea04bd2ebdc67a7a32690adde16e09d42c0eba1b8e238b4b88f8cc106dbf01a4ac4e155149a09704775b742e03cebf117c25548eac252d49db4869b6eb911ffe65ffe8e6d7f21fa877e2379bcbffec52f636a66de82a1ac2f9cdba5306ba9a2105b6f998c58a3e108c2a6804ca02b304731ee14c36458dc4ea03ac3843d2c7a06de3d97c600598c8b71bf9ed77c1fbc965d4f00970f84668b819dfb4ded97b417e859bfc542d07eef1d1db61e8ef3e96269f302fc7386c80aa5103fe49a9e187af8e2babbfbd1d5d3cfe5007afa0631383882a1d1d5e81b184638d161917206289239c4486a3c0666038ab34d8dcb00c7866a36b56d1551b2b424a9a064e0e2bae35c63d3d6a01036386d7ff69fadb7aea775159dd352bd9f2db66d19b076a89da7de07850de78d91512da6e9b06c1e2cabff7683768253541fab77aecb7faa73d5a833dfdb8f9a742d4b9345b59a7a37c11c463d18412d1845351445251c4725d689dac020423b77207e09cb964d88ae5d83306de940ff007cb4eddd6af8d1381ae128cf0f59a950ca17fc4164689f672271947b07e05ebb16c14d1b11dfb6059d5b59cfea55f0246822f0da0ada51f08e4c010b3c32555fdd9a52fd1d46a1777231d38a07bcb8fcea2eaa825e17c26c20b168c2bac554a20479888d28100a9b2d28dbf039603838511498019a7f1cf009c0faedd8d652a315be6bc7d87e02486aa5006b0015d89d22d57259adfe8196a5f3b870188176394b56e09cabe3f5d3763a4788747d3908d33421948cd371fe39e6816909d2005a2c4c67a8312c9fddaad24812707868a0f5eb474cbc90c50df09d3881450a3022c0043882d5cda59b4b9f8285e25104a2619bc75fb9efbd04b547fb25e1f51d4cb2bb6de2cc021f6ba1e1c2bcc78f6cb403d5ae6e1479de42b58e89741e679259cc94a8c1519b1ad9be01ab766e427ca81f5e7e6b99018e16e068028ad7108b56a0d6c54efac62b9a04ae75bd0475b34cecc81b4df58d2aa305a0b078297d6c16566eb7a9a35a6012300536492753af4d92cbe625180df46a22b437296165bb2fc7d71b54798cd26039c7f2a7815c60973de904f92c5fc70eb0a5b3704e708a2df44febcbbb5b4bdd8f7c04975fb2090aee31e79e002ecd43f76af7dc3af805886d9c75e9800655581f7a7a7b9c1daf00e99ef976599a36ecf559555b4b014faab6df6d69b72c038fa9dd02228f6551ea2e4b4f4526a66eb525aaff027b8992bdc2f75ca4d9b6349fc4c2f41c92d3f348ce2e6076660ea7ce4ed944a38f1c3987a95c19dd638358b5790d3afbba8db9ca89eaaf14e02fe7e02de5e02a690aad8b1bf42b1ef0a281ce38b6751268cdaa49330f556b39f114a66a63a10d808e4477604da23451575e88ccc11a81d0a3c20628a9adbe6c93d6daccfd72b469ffb2da6d1249d508e862102da92f89e25c40fb1c20abe8af0068bfd5c8b5e4f1fa82b6551bed18fee575d4f8077b3bf1c19f7c2fedf8f36c7dee5faedf59e1393aa9b5b1558d95d6d1d64d9578991cf2ff706a42535307a050d6067c7c4f7edeafec7659ca9af442ee5425b5d0dc7f7e178f2113f2f25b79eb65786a25b8a9c528f38d66eb592a1491699241509a5b7c41a5ea747bb24e3fdf49b05a86b75844339b433995463e95b169b20f9d21f84f4ca2c0efd2b76a08836b47e1a1cd7ef2d07e3cf1c07d78f03bdfc6d73ef197f8c3dff80d3c76ff03f62e2f466a039e2490dfb26b2306dd39342b4503cc73929a2d8e458ddfe96e2378584c5a725790aaa58d806b91c067bf047a320ea9fc44b46d7386d2382abd0d04611dc61424d525c978acf6e9b0562d46760bcbbff5c30ed052a4fb5cfecdbb34502b0147056fbbed669388e638e43fe7ccd6b3f19e96198ac8ea783ee992ac2f180a5adcfd8f9a14a3bfff89273173ec044af3f36864d294a494aab51a42f52ac20d1685ba36d55d574188255a2b2256cd2256c920564e235a584228b7004f2e89422e43c0fa10e94c581a707239d31ae264263d9979741cd907efa3f7c1333b81fafc34e294def542c109442a57b0b094c591e9452cd6ea341f6218ddbc0969bea143a7ce603a9343a3b303a3dbb62197cf616e76b6f5141717b501dfa2442c8af75cb10991ec248a36a5525946b0231965efaac8534e3559f670ba9075004a602b326b19e4029e01a925b565076ab9cc08a415900b989d2a5340c739f1ef5e3321648fea58630e2d0c3afca405f867493b9f07521ea23e778bd5a71a7cdd1baeb6745ebc8cdd93140283b881bb55b458fec5ed0e5b788e549ff55bf3be7ed4a4de8e271f791467161671747202dfb9fb6e7ce1f35fc4bd77de89e3fbf7233b710e9e6c1a61023341e0c704f84a1691cc2c2293a7e13d7a04b5a79e42eac18770f28eef627a760ee18e0eeb6eb578033e4d97bb81dea54944efff2ec6bef977587bef37f0b6d10efceb7ffc617cf443efc2d63523cecdf03be8bdcda773c8d7f9cdf91ea4d9ecb9e65a1b5abcff89c7f1c0f7eec0e73ef1097cf4c31fc15ffdefffed9c7791d18acb5abb4c2f5467221ac196911ea4e7a630393d6b9c5ce9ad2a8a8e53004e3e8f7c3e833c258946d8c5a8365615a0c3866bcc81e010e8041b47e513029dba1d1bddd118e435572087e68c933d6dbe01e22c160e63cdd82a53f9150eaa2e41278047dd7b642afa6dd75168ad6cc956e524bb1e8b960ae1ddbe65033ef4c1f7e3c0330770fbf7ee84d2353961b78abf27f8c96464073b8370c49c1cd342cc4052c0d8939e87cbfefe1ebce52db7fe50fff3f9f452df480938a7ce9ec50425f9f17d4fe3a9efde8147bef4557cf32ffe12871e7f0af34d1f6ad10e14fd112cb9fc58a8ba70743e8dfbf73e83679e7a1a4bb4b5674f9ec6c4530770f4ee4770f4812770f2f17d38f9d433387d9875aaee72155d575f0f6f4727b2fc1e7a871d647a1d8b53f07fff9b183dfc04e2e502c2a8a163fb76745f798d31de24cd80d942191a58a4675750cd705f072234c942fc261a6da829c5aebce60a5c75c31bb06bcf253848ade4fa1b6fc425575e69cf77b1b4f9159797fe4268a0b71b3ffdd637e0576edd8d6db11a3ce969209f84ab92838bea6480408bb27104d9201459576563a64e681e5c73f4b02c83dbbccf72340542e604d4f44b66abf39ff5f5b21e25b40811e8019a06d178c2c068e015b00dd02d50b3dee7c8e4b1b3faecba8ae39013e07ffcddef40940cccce6bdd9700ada5143b478557d16e67d9ba12496077ae2dd7a306ec68b0ce3f941eb8e71e7cfcf7fe03befb679fc4bd7ff305ecfdca7730f5bdfbe13a72068bc78e2316f4a2a3bb179dfd830876f7a3108ca314edc278b18c03e3a7b154c9e3e8f838f61e3e864327cf61e1ec24d6e4e7b0ad99c626143054a96168fd46447bfb9125336df01d6a66db6e4af7f2a3f7a3efd83ef8c804f46ef44c16c4c4f51a7ff909e8403c6a81394d9ee7f5ab9740c951f85959148577766a1aee8e1e5c7acbadb8fe1defc0bab56b502c5103bc0869c5c6d25f489dea527bf4a9fd7868ef219c9859c452495ee006ed432ed91a1c6798d388ec3f81237bdea4308b96ceba938f4eb1f41a75a76c361a82aa601ae7f5b3f1d16e1cededc4587f9f35cc3ced598f1a25350c67ca2a2798c7067670bbb40905dee8f2164da76b71bf46e425a27efcc59ffd0f1b2ff0b5af7d1d1ffb97bf076f306201243628462684970d5ba6057f2ba454bd0626e9f9cfed72341556c8f53a2ebff232fcc66ffcda0f059c9c4f2ff53ebff2d9cfe1c8fd0f62cdc828d56c177267c771e6bbf7d8bb3a505cc04dbff251c4566d44aa5cc3a1331304f671023080c9e3cf60d053c6fbdf7a2b3c94b2ae4211584ca2f2cc416c470a214f03c98a0f47835df07fe843a86fd985b9aac609f8d01f0aa0f6f4e3c87feeaf704d69c118b51ea9c67d919ffbc718fba57f8612dfdf339373389629a141294f750a83833dd8b57e085ede5ba4e94294eff93f7dec5f902107f1b17ff1dbbcff1afeed2ffd32fa57afc72ffee66fdaf35d2c6d7e45a7b8ba109284deba610d7eeebdb7e1777eea5df89df7df825f79fbb5f8e0f53bf0f6dd63b879db00aedfd4871d7d010c04ca0857d3f01792f016d3f096a9f697683f1752a8e6525ccf514da406d1d58184a40adf7c985248f3b9852859627eb7a9f42201d7a4af806d5b6cd5213215471e935a92d976dab1621c15dc7acb9b0cec228d5f1773914621496e85d7b37f2d15fe59bbdd2e2266a255675d4e4a25b1d4bbf887924c8708eb085153084442480cf49a1415c014da9a88861009fa1125238c47c27637f668bcbf35ebd6a36768145da3a3e85db71a03eb56211c0b235777a350f760beea4675f518c2636b91d52d939105f87e2bb92c8e3d74af39dba63d3413629d981cdb84e3975c8d07dd517cfca983f8e4bec3b8e7cc24bcac4f917b4d9eab249552a68fe64bd89f2be019aafc63d7df88a1addb912693d71c7efe7827d234ef2e466a4bf897a10bad53369722d9ce4dcee0d8e9b398a7249a5b482257ac380e24be65f5f36b1496e66f53775ea2234113a207bddd5dd68df7a92f7c1b7e4ae23c1b1934b28b60b35172d55668aca43beb72b408d9f42d0d82faa705f8f0181fd5d83ffcfd7f834d9b36da7d3df4d023f867bff65be45e1a3fdfea09e052bd01620292f26e824fbf9d3ceeb2e1c9024c83a8b2ee2a7efcbd3f869ffe999f3266f162f452eff3eb5ffc22ce3db9176323abac3e17359d673ef5396a31791c411eeffbaddf84bf7f14e97203c7a7e6f1fd479ee4fd7a317ef2107eecda4b71c5ae9d709391f99494229dc2d437bf85d0dc8c75d31dafd3bc7adf7be0b9e6669cabeb31038891c9cd3df21032dfff3a7cdc36ba790ba2db7773650c4ddaf8d568185532418d8ed3bcf66b4706514966cd17b395d23d9c08935114d1c16f1222b30a900579f98ea56979f99e8f3df4209a4b0bf8f11f7b973ddfc5d2e657f4f0d857ba4ebd564d71e478f01d192ac0496d56b28be783e7d889d3f86f7ffe1984227164b2396b686a60ca6d6f8027501cc0b3de65a09b4acf75015e76291becfad583f88fffe1df3c2be18f1c398a5ff8a57f4a1384d797634ef7608e3bc761b79c29474ebbf3014f641ad31140dff7c1f7e1431ffac97f30e0bff1a52fe1dc53fb304a490da58ba299b2f7d35f406a6109c77d657cf0b77f0beeee21642a4d9c9c5dc41d0f3eaed689c91307f0336fbb091b6833eb5e7cf532824b4b38fbd5afc1bf30cf77e0c2e9b1318c7ef023981a5885bcc7479b9c5a12dfd7535ffa1a06b93a76d955e85dbf1e3e6a180dbf07753e7b8d8c42f9eac93a9159ca604d7f2fb2734b0203766c1e4199ef841f0e23340b34ffcfb25baccc779fe13710630ff119463c4e26dd8ba57db655fa5790040e0db9541e7a8db49237554e3a03d70b006772668e3672d080ccb648121f76d47467dd51bde5377f96ac1ea72eb16d0deddd73e9258846a3b64da4115e36734c0bd4a6c693740fcfddc70fdf8f8901fe11c37ab17bbe505abe96989dd474f315507a8a59d93d693bafa54b383d1632389a1664136ba9f8768fad60a732df112d7acc53054f5cba07f5ae7ee4795e8352bb1908e2dccc02f2bd8388bcfd2790dfb40d53e104a69a3edaf71e24c9f8322ccabd5ba937d0118b10e8b22e783d695ffc664572c728419fe0b53a789d0e2ebb5986b86daddf877ede532d11c35459e1c97a51170fb501ff1a20a9e393730b16a62badc04f800900a67c3daf41b1dde92fffebd3399f4fc749dad7eb155c75c5650eb05a64996c693aa80bca7a080430a71292ea5e5e5fa6e5eb52836091b3505d53ffbf499739efdea565c8532e0dc3ba035bf762cc8edbc5f8940a4cd7b637c075c5c94bcae6f9be72fc5d1a1d41c786cdc810e435496582b1c87dc7c7a7d1b36737aaf10efc7fed7d79705dd77dde07bc7dc3ce0d04087013292e122991da2d539b255bb6a324761dd78eedc4b19b49dca453673a4ed3e912a79dc9b41ef71fc7759371db71edc9b8b56279d14ac9a26cb98e64c972b47301098000b1e3e1ed1bf0fa7dbf732f484ae2625122a0f0fd80f3cebde79e7bceb9f79eefb79cb5b9b51dcd89146a610db3e5f58500e300f9d202f2b932194acc989ae63bc87ed78cbb52b98a18d38fd529c199b54620a8b932c2b2899576b09009329b2235802299c63b894ed68c062d1969e18de919a9f95a81a66e8015e8dc187dd57f27e745927d1eea2d4cd7f5a389315b37afc726aaafa792348b4432b528e175affe5cf79ca5763a594696a85786f945f3e0cd921b78e48a6dd9ea8480d1f83fadb86b8037dc50ca4bc2335f99285a5a4b5d997a7adda2286532a12ca5f15c288ae0655b105cd98bb4de1bd579b9a343a398a75a1fd22c3a825d5b4759d7a87a46348088367e3844ab5c65225843bc66bbfbb25cda51460658be5822305eff6e74aef28b092458a0e6780c536416ef246a007e19906c42adb7e6ea3c6b129d2a38e166a07b1d797114c3e2523acdd7caf8c0ddef7d5dd799988756a931e96e929415596254c037f489948e7728b2a41de0d52078b6eeb8f321632e565e123dcd511708c5dc6cce01cffdec554645d77a749a8fae1974ba55ef466bd916a8016508fa13ed6d886fda8ab9681c45dafb5aa6ac549dc7d0e838dab76e4280aabafad4d5b72ea4ca14d0bbf01b2cc564aca78089ab8d4499261261946a94fcd46ab2bc274f5d5f2df6da2254b05619c8830df851fe4a134b53bbc8be83fae41b805f06a41552cbb41b0ddc74d6c72edf24bc06e230928f08911061b5d803657d1e9dedadb8eeba6bdcf55348a0d676d47effbbd9cfde9f6831693b7567feaf00a9e1a6b26b2f84d43ba144ed39443c950d2f69aabdf5fd4aa82228aa061f49b3d0eabc52f9dd338afd35214f6d682ac8d26fdc8a78ef468ce99ad6f06719a7d2d4921209443ada6d755b6d30a97bfc6c95833da69e8ef769192b6d655523a3b0f5ec22611499be86379778ef14e3cd12f479c6a9d091f719e84552ef433c0f25a218a546a0f4de09d400fc32a0b9b98c0d7b542bbc1348aca494da7ec554639daad36295b2cac5eb640c3aae111cebd7afb3ed9c5f4b02bca4a46c666b383309eaaafd49e239d391f472694b9597b7c0b0850b1a6527d23331a5c567304729abee45bf415061f6e4f6fcac9654e91391909deb0d68830ec5cff13d65e22de8de7915f2c916149bf85ca6ce0730363d8bf8ea95de3c793769494a8da549a7c7d481989ea62d0be47adc2a257c54cb649109297d691f35c693749f63de33047d8ec71a1d21692f5f49e9ad84a95da4994f899ac73b812ef925aece451723cd07f73f817b1f7c82aa3dab939046006be9275b9946533c357187e1029f6aa8faf5ddcc3d3782af58cce1339ffa2dfcdea73fc5faacaa7892642efccb3ff9333cf5cb976db92c3110eb67e735c5352640296a3e032501ace5b956a13a5fb60537fff7b7be812baebcc2d23b139dedd90f3cfc30069f7d0e1bfa36582360a85ec32bf73f86179e7d16c1ee4edcf3879f4321d68a42bd19c3e93c1e7efc27981a3f812d5d71dcf3bebb50b6f904eef95f79f9451c9acee1a65fff306628cd33d4109a22b2a517f0d24b07d1b9e372b4ad5a89b664c21ad634944992d82d395db7e9b64d14ebb39934ba5321b490998d8f4e616d773bbad774e0d0d80c42b10856246268e30b89eb9df0fe38ef5f4926a5e64bb12ee68a19a6972633a852435b5328a0ed1c9ad052d7cfc61257cb84060687598588314a7801d12a379d4977398be54860d4393dcf910154cbd8be6debebc0be480c56bfbb4dc3551c4fca2fc69668b7445599e5ab4abbbcc55824852f844e5d1a4c247663eb01088492c05ea8484c4780d492e17182d695433300175025a8d3e579acd976059a58d18b6a6923082575c7331984924944124933415c63a03daa914bdd756bf2928d2fd0821a9a332fd3429b78569987988bda0ea264825a8443f755984e864773bc5bd6ba6fd38b79d8335053c8f2de77023500bfc4a425a7b480a3c06b035ee89ced4ed0bdb60eb95a6be4c53440c6a221f4f7f7b90baf233204566235daa9b14a8b3d12edee92e739528accd003bb1588c732071294a417421a7f606992fc2cb5d5b342acc18e0792be2a83d479f58b6b99f044346abcc8815df317aaa8465358b169a3d9d53526262696d68c453e63627597ed01af8527ddde728ac064bd4c9503a32157a840b2582bd2962a15d8beef5135d811fc8c6b6bf6f3ba2b93638215a695e1798e85d386daa7eda14bae526439c420973b3500bfc43445bb733a9db1f1f3aaa06ed28d86cd0af45e05a2e700e39fbb63c5954adfdfb7ce76863d2331ddc5052fe4f3cf52e08fc3c2c9b42d4f3b74f947a82eabd1ef4248134f6437fb64f96ae00d3327bcbd50912eb832cd978bc6680476eb2727d88b0476b87305121d5d98937942a0a96f3e5d2a22128f9b84977457ebb91afed435efa56add6ee698b9b68e8a913188d914cb343128e943a1800db851d7a53403917a1324c9a577c9a6cfd34df1fe74d3028a52e579adc273c5a984c930d4dabfcca901f825a6c1a111aaaf4e851728fc996f06780f742281d4270f8f5ee52de1ba6bf79cb1eb4c69d93c68b5865b65663a744aed5413c040e1b2b23258fe74a61e53e25d0869d307e5e915dad2d54eb4a6c0587974402222a5745b1bc3420d4982580d99b2fbab648802647b6f1f6a7c0e0dda510364a658b0c6bc30d5ea6028e2860bdbf339f55d6014d075acc793af4136b15898e77514c948d460a725b2b304bf1891ff5e2c2e8fa54908ca52edd55d77826ac204d3c8f138c7bc4b7a26328d8c4d7a5aded400fc12922afed1a1e3d65db60832fdc9972eeb03d0fee43bf5573f640b16478353aeddbbc7e2bd11499d2f952b067693f0e67cb0bb0c94aec80785c8f267a5964670a136bc4c0999284a5ce92b1f1b6023dd5dee34f29812e34723214a7807783d47351842cbca2e1428dd056801f7c4ec2c52346908552ba7ee754fc37cdc23309e03bef215735059e24cbbca800a23c409780d02ca92a1687291b2b7b89ed3bc78a5af5ce52a2cfb341397b43f41a93ec7e379e69d65dce54e0dc02f21694db7c1e3a3ac609ef5ce8ae3a4bbb3a3057c07119f782c2ce8c8e2d6d0bd6a05fad7f7bbcb6f40c63ce80cdff663497874f2c827c3a597af7ca9dc170af8a0d4772b83f273698bc911f5ae082e531eca096a2e2c42800bf0325d3474583b01e532391b09a7517269ad3347bb3b4e0d44eab524b9d211a8e5aa7c47027595590af415de6fdb5591c948aa97785e21238cc422c8324296c856f79e8db3e73d65391e97e817e9ebd8aed115a9a1cc307c98e6c124cba0093945320b7dbfe54c0dc02f2165b279cc65f20e60740674f3e55c1c073e1d3850f871e564db6edcb8de1ac5ce44fefdc282d9cb021d9dce4f23d55302c4d21628bdfbb491e285aaf422d9e23ef12928f53d4dc3b23bf9bc2aa30e6d89ea90960077ef44055ec86530f0f8e3987de955db70323331893649676bf360326402d204e609de2adf8d4ca50a25b06c6b0da891cb51854fd3bc79353f8f618aef6a4b0a93643c87b2154a688296c5cc901164590a350ce674cec467a9ae6798768161059ee7f8aed22cdb68be8ae3a50a557b6a1c646c6ae95fced400fc12d25c268b322ba0ed13e7d578496e1fd43e584d1df649e1fa63c5d29cf52d9b4f1f3bff46646abc0f30fdb8c05340efa5e99d19731107605eda2af94201af3cf58c7ed67a2e1bdeab637996b12b81e2a8bf5d0385b438866314eaf7a6a6b05041a89046686c089191634816b388c68336be5ef1d4d829f5bf44a7e1b1c505829c4a79a1992e44091e66bc16daeb2b5318292d606cbe1999500ccf676b18282fa04cc6592007ca12dc73641602b4dc5c751e33348bd26218642459329002e394f91c54103041a69dd1c02996595ac572a606e09790b44846956aa4a4924840d0d650f4ccb9c0939e09603b21340c144d54e7d729e4ac648d75ea9233c479a8132d22d0792e53077495457fb158dceebf1052cbf7e2f8012f33db6547f9cb9cf1ae7997ec41b5388735b3f339554af58907f96e5a224d4886ea48362f20d6b4604b7525ba3ad1bfb907fd5bbad1b3a913ddeb5ab0a62789d53d29ac5e97c29ade1456ac6d41c76aba352d686b4fa0bd338a7054eb0a36234e7f75470cbd9d71ac4e44d0190da18579c7593ecd9a4b049bd11989302c80169eafe0797738849564489b5a13e86d4b22c56fa1c54d64f32f676a007e09697c62dad44e4d8f55dd3789ae7ff946f25d9840a80303079d869aaa82ad5eb54a11cf4826dde9dc905a3917e672f041e87eecd87c674feb44abb85e28e065affb82cf1e834cc59fb9672df296e349d299dde33127b5ba134f08cd579110b0022c57731d6131014af2f6d51d48ad684524e166c68951f85d6a7e835ba94215bf5c46a95042ad544688f7b72482686f09211597fe40f55f5a028fd4871fa513e053cca383e97585026827c03b08f6553cef6079d6d05d4693677d2c8a2e963749a6badc01df58f1e61cf476a6f9f56fde8b578f8e229fcbb34237db94506d0f55a3baa879f1d6274f09e7fb4e6d958d5a41a554426f7727bef6575f466b6beb19cb5962e5fed37ff79718199bb6e1ba5a22db76b865fa8b0d6424414b55c160426035cd6bf9ed32aedcb3075ffaf27f7191ce42677bf6e1c1417ceb2b5fc5f6f51b6dc92ea53ffdea113cf9830790e8e9c47b3ff969e413ed28d59b3159a8e087fb1fc3f4f011fceec73e827ab5e4ca46604f1f1f327b3c986c452d9ac04c6b176a5b3662f5355721a729bc04a25566bbc1feed709e36798d400f32ad20dfa398c722f323e371abff38c628f36515995c8ad734234e714562096a6f48f03cce9415ac61bb6a2c4c9369af21e063fc3609aafe6b926e6dc2d7d252d7cfc68a374b485aa57672266d955240968aeefbd625c62b26f708425faa2f1ef37a8dc0d9b4a1ffb4d56dde8854a935f2cca6c69addec3b2f4dcfb7f1f376ac6cc460d40b5047287261136744364186a07295cde563e70cb76c45cad73b1469c756a9fb2aab9e4165548bbd2d98c160032defd0d31bf00834ad242c13a95af5fc4a1dc5d23cf2992202e522c2953c42958239ed1917210388917926c84c924c3fa58cc96c67698f175918bfb55e4e2dfd628fd6db403fc07713e65190e1313aadcb1312d366384f972d3500bf44949e9b43265f34e9a34a6f159f3f06680b7095dc551fffd7c5915d5b2e15b17dfb96f3e83293d4a2345b04bb234b4bbe7f4072f93a1b5e3e216f63d22f949c4940a018725df2ae95de93c85e21dcafab94aee741217284b6b41b6bf893645683239911c3c84a10e5fdc17295da8046e45135a7fa5e2ed3152b286709f662dec02e09df4447ee60fbf16b5f7e7e00e7c880b5c79dc614a68b654aed79e4984791ae40a72e39ea5c8b2abb7b2231eb3ad57f9697c7dadc526fedb497bacca801f825a2e3a36336134e63e99d0473eababf13ad93b80ce7b93578e9dcc26a0c63e52460b66fdb6671ce4626e14394f0969c7e3c26c2fc7c1361d1a90c560ecdc4932f297f52ed7fb324c0abfc2c8a914a21c8aad1ce15cb95c99ed1aea9f5db31321fdc7a664bc36340fad54292b542194d94ca514ae5104d96104d9820fd663ada3308947288ce13f404fc024d898505adf1af9e91da49b0eb19f9dcfcb74d2b25b5674b5564aa0b26e9d50f5f6219d42f6f129f79abcb2ecb7bcb6430716a1d7e3f86ffdd962b3500bf44a411766a9412e065bf3ba03b755e157b9101b0a25925f2c3bc46becece56f4f59dbb85deec526a016afdd7787d5be9d6c0ed06a738b02b5c2bd4d61887363ee355e8ca048fecef91e3c7ad4c17424ab32eeee3a15e2bd198c4e7f319a05df022a9155f61962d9d86d8eadde81e7f345d501b659c18456e721a811a815ea9d009ec94e2b92c9a7269aaec39aaee94d5f68c744a473d213ce68f1ab15c267aeffcd379472464ed1d99720d396a6045ba129981e6c717e826c9a8272a354c5193d0484735f0f9ccece4c1f2a406e0978004f263830e4455aa954e5dad995d2f5f7dc9b624b507fa930cc0493981a76f5def39d79a5303e037fff65ebc72f00855dc12f3229059916b5afa9a00d1b4da2a555cb507e8581250e80a5023d0c49535ddab6ddbe6fffe95bffa951a875e4b02e9a2e4f33c8569451a214441be9352ac036306d649afd3babd1ba723b8f8464cb33997c7899f3e8381871f4366e0106ad9192c64a729e5d348d473082f50291733f3de9da54670eb5e3963b2f22d3dfb4798d9ac4a4451e33bcb160a94e2341518a7c26f32432698a3f62393244e532916749a88f42039956f395303f0179954b98e0c1cc5e8e8044d49aa9704bf66823920568d0108f035824fadf60efc3a56cbbd98825c15976f3dcbfc778f3299ac350ceebafa2aecd8be15575f750576eddec9e3cbb16deb166cdfba193b2ebf0c3b796de7ceedb8826ee78eed3415b660f3c60de859bd02d1703366a7a76dcdfb374b52c3cd2ce1f1a2f36d783be18f39c185363a0f5c87dd497346ef42f8b7c64791bbd1e20632191cf9de839878e61704fa1cc294ea61aaf14d646a75be2f5f6bd23d3ee8eddfc29cef853ac79f7830849ef6243aa211d38cf2c50af294ea9ab4a39d79939120e25a228bf14502bbee5de6786f00fe62d3f0f1117cfb3bdfc7ecec2c32b353b62165213b87423e4b933347353a4f972303289aab96e89b2b9041504a533a4b25ddb469bd97e29949155973c8ddae38048c2a2b6de368288478346c6bc669824a88528af8635d95494106a3aebb4a81f933bfb23661546a6fbe26abdb8b4855eae60b5e6202b62087823cc0093292b8caca169ff0c2a5e5483b51abbd990506738b4edb59cfa45673aad7d51a41ee1ae09cf9c2fb4f754c4ff738cffda94c4a7381dc6461418c494c88e933be66c527c2417b67b4a46c149db49210cb6d539955b6539c88512c7cb95203f01799868f9fc04dfb6ec587fec98771e79db7e17d77dd869b6fbe1ed75eb7073b765e8e4d1bfad0b366155674b6a3bd3585d6541cc9648c2e8e542a81f6f616db9aea673f7bca98c6d948a3d0348acf6905944ed4202a7204b47c0ba39aaa3601b755956c78674ed81a72acc5855205edcc4f0370de2ca98b2d4c06d3642d8704ac7994e1e2322461dc7edc016338508b04524979cd1bf0b8d222a05c0c9180eb9dd3de163ab5daae6b78f4cc2281d53b3746c26806f24527b037f19935f5b6d90dd8e13df23562619ed76a0c379fd9c8d97c78e62d5f0b67a80c6a1759ced400fc45266d2325b095a8c2ab4b2e1a8f63c5ca55e85fd7879d976fc3deabafc68d37dc807d37df845b6f79376ebb6d1f6ebf751f8fdf8577df7c23aebfee1aecbe6a17c6276708f8b3dbd52da9243a5b1354ed9527c14d09680060a5142ed44aaf95622a94885afb4efbd5e7b2594ccfcc626c7c0243232730307c1cb7dc71fb05ad4daffef6005564666ce7f62b094f003b559f2037b08b1c7815c70193e75e3905694963a7c83b092b12c61447e9ab51ce9e5179e95cce4b47f1dc0dae2802b8205037b07b8067ba1a99678037df313e31c01ae3da14595eb3d9742c8b0c1d019efa933101d36296313516b13c07bdd5693ef2d84f90636dc9e5d57056a37a1d34a92abb5c23e8cc97cdce5aa68126aab89af7ed1682a09354a68a3f4dbbfadffe9b7f8555ab565aba672a67b158c2fe9f3c85bffcaf5fc3c4e4e4e280156b2854fa26cdd535358f0e6a12976f5887d678cc5468ad54a37457af5d8bdffcf06f62d5ea330fe33ddbb3978a45fcafaf7c05dbbad7ba35e46a45e427a6f1f3fbf7a31669c2073efedbc8a43a50a4129d26e379f0d103a8e6e7f0fef7dc8a059a306a509c1a1f4713cb1826836cd22cba4018f341f95a523a80c7f63f8ecd77dc82ee9b76a3d64c2641662246a3760e9b3864da84988cc6f0d384e1bdcdbc37148c901969396cf98c4fad483e3d1b67afdbe68a6488d505c669428c612b63017430dd38c5a556dd4b124131be5535df55a667d06b2692f23b9d96ba7e3616b15c026a49443131768252571f94a28395c5a40d0f083b03b7a67496a9766b292669026a6d2f334c60d12e357289440c1d1ded96e6d9486bad77afed45cf860d686ee96401566021d5857ab283b5b51df5781bead13634273a28b1a23834348612d3577dd56eaa438347f1c8430fe2bbf7fe9d49c937437edfb9a4ad489ee0e05ae29df4355f2fc31d328e0b5fec9e1453627c5fba3bb6659e12a6b952b6631b5b40f5c557e9958698e6e20027496b49f305deafd72fc540d77920296e0c961125e165b39b4a6fea3c1def917457c39d247b99f79699a906e59c94f22ad0f2a506e02f32edd9b31bd75cb51d3f7ce811dcfbbd1fe0bb0f3c80479e38801ffffdd3f8d933cfe199e7fe0187060690d55af5a512a56309f94cc65aca25d527c6263039318e7b3e78b7371aedeca40d2ea4beaf59bd1aa168dcd66c0f47a2f4e308e83c465f7bb3350551a22bd683183a3189699a0bf9421e5d9d5dd8ba69230ebef8221eb8ff01eb52fc55c9304990a8bdc0b46891c0ae16770191c032f80a91f4f5ab32fb6095fd6e2a3b1987afca5b3a9e14d5b532df931a07752cedc5390ff49687e2395bddd2b0f49d4d2ea7e419ddf2752abce29f0cf37d6304cc532037c7732d7d75d296b782d12d4f6a00fe229386c2c65bda10eae84631da8959c431566ac6e05c0d03e92a863235ac5adb67bb9f680ff9d52b3bb1717d1fb66dbd0cbb77eec0953bb7e1fa6bf762278fcf877285a299011bfbd62144955433c1b427bccaa1c6342d32110c8711a093142bd403982ab102cf3721471069004e944ca125d582271f3f80c71f7bdc4bf9fc49925ce0959662529b61fa356ce85ce014022d54bf02188f3d5763196c692a0195f7d8750ff82235c6558a4e5d3569cdf474bf6fcb1bf310d8cde958e9f39869189819477f067093fcba47e910e08ce0af9ca3967ad9e926dd195fced9f0b2fb19ce7bb423ed72a606e0978066e6b288b476a1b5bb1f6d6bd7a3ad67033a7b9d6be5f173c7d33891ad61ddfa0de8efefc7aa952bd0d1d682583c627dc043c747313636eea5766612586633456b9d5fdfdf8b559ded06135f06c9d91e6b04beec75ad15af86a94cad0947a6b2d4005278f5c8311c1c3886f1a92953f11f7df811fcddbddfc5f15f61f49d86d686d563a0be749e1b90edcf3102139f221dd319b8c504e8a46a0bf0660e8871289a3d851d186984a0ba3735bcd5404e909a64d7b180ed35c879375b9e82a55ae1854fa9f25af35ec0b6967d5a0f542a1cd0195f7124d9758f8a616a3d8fcd79c702bca4bd4c327bb1cb941a80bfc8a4ca962b55118a4511a3d40c27923c4e221c4f38f53a9a4073aa1333f5281efaf153181e396195518d6fea1fefeaecb439f03f7fe6596bc43b1b69b5da6cbe600d819a3b7eeb0d7b6d3f357521b96e37d6d040b33554695ae8155b375b97a054e74a73142f8f4c6364ae8cc9b9025e3972144759966c3e8f1fffe800befbedefe095e75fc0c8d0200a0c3b1bc9868fc6d41028c0ebcf614fdd74fa33755d61023a2f08dcee58e073f30ddc3d4e2a3be9ee50a5f862689aeb6e63f679af4628ea82aee91117efb573fa94e23522582dff35318b1af330a721c56a27513b8ac6304862339eca43275f00f7a5bc93f41ee8c98c8a96994ab77ca901f88b4e54a9c354a5836eed74dbc994ea3502216b35767586600cc75149adc0e1b169fce4a96771845236aca19cf118fa7bd6626a7c127f4fbbdf24e419a848c6a2ee3649488d94dbbe79233e72f71d4884d54da6e9a9415672d9bf45dc71c31e7ce6631fc2e73ef551bce7a66b9088855916318308622dedf8c4273f85dfff67bf8f0fbeff03b8f5ddfbd0bb6a0d9e7feae7d87fef7df8dbbff96b3cfec003981c1f7fc3f20800116a11daedc5ae7b71acbf9dc70678051b34054a01ece4e41e01da07bb93eea743aa54564b3ee5ac6ea753bafec01e335df48e754e5f6948359716a0863c27d9057aaf7b920c464ebbc896886439497a53f199b67ca9f03ed865bbfb136ab4fbcc38ef1ba9d49055ba8c6bdd7abc26a763dbdd86df430da3dae5a6c4bc341df7797e4f35d2bedd14f8c217bef0efbde33392f6183f5fd2a8aef3a14b354dd9adaa58079e7ede6c662d8bacc62b9bf62906c00aaa092cac1ba80622982b94d19a4ca0b33589aeb6148a94d8b289bbbbbb319bcea0b5b505a954f275e5d4fd33e92c26a6d226e96d000e2b57475b1bb65db6c16cf932edde6eaaf9bf71e7add8bde372035998c0bc6c7d3faedcb10dfdbd6bb0e7ca1d78dfedb7a0b3a31d954a191532902ab50ddd5ba21a5d2e15904bcf62f8e8113cfb14199086a4f6f65a194fa5c32fbc804a2e87283519a9e0353299f1238326bd376edf817a3249e0504a52aabe4ae65665fa5b37f413ec65d320a4036801076923f5e6a0015a2f53f9a4a7a771f0d557b1f5a69b105dd3050dbdb371fa4d3423084ed730a7063da9f6015e73ce2d954d3f103673c6cef9fecde7ed8ec9484d2783a0df14e0f761dad65dc76fa56e3839cd8b973f5daae0c9a90cf6532b3a148960984c7590e90db08cc7f97d5fe177787a6c12f7fff2251c786500337ca7034cf81f08f443d91c76b550db637cd1db513f6d7f02efb8411791b66feac3eecb7a919b9b412633c74aafe1ab5a89a58e40258bd5ad519b5bad8132f3d1160c51637e7e6098aa6410915802c7868671ff830fe37bdffb3ebef8c5ff845ffce2392fe553a98e22c1a92e3ca9abfad8724556a458248a775db3079ffee887f0b1dff80081bdd65467eb9357031901d9c1cab78ba0dfb96dabf54bab6b502a799595ba48895a20d88b0465a190a75f408500ce4e4fe1dbfff37fe0d8c08057064702658000289a04f3e4389fcf8dbc1373f21aede814e26c7896452a3d7d99243e49cabaf84ac96e2113cc9b0457e39b24a893d67c7ff425c5c9eb188f4c800c800fe3c02de641864a75cbc2eacdd4ae9aa9d590992c8859d069cd40815c6bdfc592414493014478acc13f26b1f91052ef6b2c89b69fcaf25d273a5a116c6f432112463a14c63419e818d31a23a33ac2ef394440cfaf5989627b0ab334a7f2640a35c66b2570b550c9db4d0dc02f0125a2117ce623efc3decbbad15429509a6551498fa1ad3a8bcfbcff06fcc5e73e8adbafde8c78802aa18026491f6cc7779e78068ffcf429aa94cdb8e6ba6bf05bfff423f8e0af7d1083c327a8f20f6162721a796a0002cfc4d43446a926160474d9a50cab103c5257b5914351fdfcf44bf42565a5f64b03f087d90af4d6ff4f06a18133c55211855c09b942c146e4697c4049129f712a65376457d2b899e01c3878c8ca702a497390d472e1aed14ce68b10ab7de3146e701798095a6901067a965dcb71d93dba57ff8acb78ba570145321d01b44a705ba39b853b09dfd4a4957308623986c919d3e0ed3219c4109c2d2f9f8e4cc2d47c6a1a65eaea5a3d47e17c2526e9a5dedbbb640e92c1f2e58a4c505b4d4742640ab120cdaf804dae49f2b99364765a93a03d11b721d33deb7ab069cb2668c73ded33af19779d34f3de68b0ce5b4d0d95fe1cf476a4a916f148388c1d5bd6a3964f63e4f0cbb8f9cacdf8fcef7d14bbb76f415b324e2d601ddae2410c1c3e8cf4d4243a63cdf8f83db7e3773ffe61bceba61b6d765b7fff7af4ada7a32f0065724503bda4fa438f1ec057bff17ff1c2a1011c191cc6c8d804e63219630802b8a41e61e5a4695d0057e5d7d05b0ff0048324be310202598b3ffad2bc5cf581ce706a11027fd9d47d3aa6bdb2a71797efd86192dda79123473072e8103a56741980d5aa3e71f8986914bd5bb7a0a9a585c06926339ac7cb878f52fd4f63ebfa3e8b57248391a9a365ab056c9b31c7b4cd2ee7f151a67d62621afd7bf722d2dd897a802037e92d3f6c26004535c3753f1dfd3aa52b1334e9ae0d369d3acff2aa11538e2abbf9762be3ca577e96b5a927d645282545a0d560a979bedb85720d8747a61023c0539100c2bca799ef589a5588e92419aef9f3da9e73552a8198f2e0f16a3292b5d40afc77f676d44f69788d452ccf416f659a7ad1eab6c9512dd6eea9b68533bf6fa950443246359e15519fdb7d724763d3b3369f7dcb86dec5156a958e3e9be6884b5d17409d747661c562190fefff11befeedfb90af50424aa2b9bbac4269d92a35a22598672b81d6d1d1864eaaa1ada91412f1985dd3b2585af94518d014d31a3511815ac35cb581658d9a81e68b570a3994f239036581c70556fa7d77be179ffda37f6e0d663e3dfdc87e7cf76ffe1adbf75e6df71667d278fe21ed895fc0f5d45202fd1b6ce0cf44be8cfb1e791c85f141dc73c73e54b273c8a6e7d01cd700a108df1b4161b6bc5472bec370048f3ef2280e0e0ce2963ff803b4efdd8e5a388e7a904010f009e405b3c965d73bd00bdc8bf6bb5df31af9044e3eb0be8bed99af70d9560cab2bdc1cdf0b6f09f15a84e0d75a78faea553eff2e32cd3825f58fc84c05e424df6184ef50df539b60a85724c677abe152319eb72763b6f7bc1a087bb219742b618fde8efa696d200dc09f9ddeaa34f59a8bfcb079a98c04bdaa81a4852dc1ccca63036258a16c89255511f7af3b2dee1b91aec86e750b65c85675934cc4c9a766b3b8effbf7e3f000a565a94c2640b59cd2782a9d459ec7525dadb59b8570e3cceb8e11b0c26a67d5285d8c5a8881df40a028520bc85c6466544ab4e74b54f98b6458ae01cf1af1e8aeb86a37bef1ad6f9e267d0e3ef534fedb7ff8735c75f38d641ad416663378f1e127cc2cd8fbbebb10dd7419f204e078a688fbf61f407ee4083e78e3b568b276821c82f1049ac8a040c00bf492ccb6590501ffc3fb1fc2b191315cfbe9cfa2f35d7b510fc76c9cfdbc2fdd0574019ef1752c6733f5f8eca62508dc7cef0ab3f5f2e91bd83da730310501debf1e0a35214566a0e5aa5bf86dd7f29dde45a63446c6fb0332c80ebebb4e025eebede93ba9cb4eda8bec7f995251c65bdb4239affa502c61134d212d95e55303f0e741cb39cd071efb3102c916f4f6f7517a86085006aace09f0ac48ea27d7a09a083fba9c98809881aa80e07826d2c733c7cf28492efb55123f9b2d2243353c456c08c0baaeae393d4f7a2e8be191511c1b1ec141aad55a5f4ffbb56572056318d62826155f6abd391ab0622c2ab4968762fab64c14e32cd4696bf3bc69a12aee63836beebaf3767cf56b5f3d6d47dbe32fbf822f7dee8fb0ebb69bb1409017c8789edfff0435941a76dd712b125bb621c7a73d319bc3033f7a1233875ec00d892856f09d2ea4a8fd50fd0d8a81449c74af07c91629c1030cfb3fdf7f10a39369ecfad8efa0e74ea69f48a0aac935740b6a8c935437b0eb1eb72cb5eba6932417337380e6bf7d0f316253bdf86febf9f3dc815d5da8d4eee94708f824c3137c571d647cbfce77dc4d0d648c4cf55bd4723a69aff7d086d78aba4a4e5d77da7f5e9cb3460d6f05df4107257a89da9896d0ee6d4f9df69d1b803f0f5ace697efecfbf8c178f8ca24df3d95776513d5f616ec58a4e74757620c94a1ab1c516a82a527268649afadd6503d233f0bf960cdc9e6437600af0049fa4b7e6b14bcac74375acee6cf5ee70746a3965cf176952e4a9924e4d4d637c621253d33398a31a9da1aa9ecb16ccf6f7c7ed5b831affb46886c612a89cc96482cfb29200270059dedd94f07d7d7d061e9f268e0de12f7efb1304f72d946a5564a7a8d2ffe82766e26cd977133a765c895cad8ee3d37378f4c9a7913efa327634cd23c1f22d50f5ad25a9a68b094ae390e611892144803511680ffebf9f23539ec7fa7def41ffafdd896857bbcd19680a45b14069bf108c18835810a320f0057a5f520b8d06720338416dc0d7b10b1743d0b985d349db09f31e2d8315e0fb8fe6b2b89be1bb5b5bed1ba951f4a7d93c66c925baa2615b064b1a9bfae4cb5a038ff7ae20e3ed2013651267a4b7a37e36007f1ef456a5f9afffe397f1d3e75ea5cd19b38aa51aa54632754d69de7a7f5f0f766cdf82cd9b3662159980bf0a4d901533c65a120d39c9af4a28906b408d26c694a9269a1d4f67dd6a9e242ef1da5c2e4fc0035bfad7b84aecd1b99e5d55424ecfee1fabcc4ac1af2d7e723e5894a681e60c941e1bc3e7ef7e3f76dc7823994200b999593cffb3a79966006bf65e81deabae4186651e9e48e367bf7c09b3475fc155e105eca3ba7ff7ef7c12e1580cd35353183b710283478f62706808232327303e3e8eb199395e4f60139946fbee3d18ebea4090a00f4593680a4b2b88d9f8803a4d01815e52d6d4780fc4e6f31dfbe7ae319000b163e70ba80c75abebf01d34f31db79021de41f364cfca55a73dbb18b16fb6a9cbaec463ed5597ab56d0c26fdeaa77e6a29e91de8efad900fc79d05b95e689b1093c7ae0493cf7e2418c8e4f21ab566fad69374f4b9ab58a9e551a359aad5ad989debe5ef4f47463252b6f477b2b35803892926cac79b6236ad90d09758d75b2ad1d30ad2b8b15ac582e5bd9f3d939dc7ec32e3295945792a5799ff96c16fff98fff18c3e393ae4b508369a8ceb68562988d5312aedb822cb592994cd6061b355772f8fa97be885d7bafb6b1fe6f44626cea2d989c9ce4bba3fa1c8b4033f29e39368a03e3d3783e5f46ae29886082c0a7c417f03549a8994e4389d5eaef461ccac9ae17b8f5e380ee33331181c2f74b2d8aefba73be8aeda8e27a8af95ea6d5de7eee69ca2aebccecac9903e7436fc7376a00fe3ce8ad4c53af5a5d58a3a39a0f9fc330fdc303c770686010a363d398a50dad2e220db1b516685644a9cdd16884953946d02690a0af86353558f1eb11e0ae226a908ed69fd3a018750115a8a6e73273c8cd4ee34fffc56771c3f5d778a558ba672fe47298d4241cb5fa4b559766427f8ee09fa3dd9bcdcbb4281a03eceae8c0dd77de66efe05cf4da722aaf22dfc7e0741a5fffe92f7160780a55dafe6ae00bd004505b40301225f81946e06b955e5bfc42c63ac16e8d22fad1a1ec24a6a701bdd2b676b527f089b51de88b8529ed5dd9de29f5b301f8f3a08b91a63e8156981d1e1ec14baf1ec2cb070f636c324d1bba648340246542acacc552d9c0226921db578d653c615554839d3ea3c0efd2548bba06af04ea35fcd99ffc21defdae1bbc0b97d6379acce6f0e04b03786e740a2732451408e002df8d06cf68c349b5de4b95e70fffd52817b0116f62001a2c93a0d6d0128fa22b11437f6b12ef5fd98235b4cd4fa577cafb6c00fe3c6829d2949a9aa3349c999db3812d9a3c926a69c5e0f161cccca4a10d22e6a8221f3d3a44e91f463299c2106d5a75bdf5f4aca519d0c9fb4a88b0c2f6d334b875dfcdd6b0e6d3a5f63ec50c737c67199a10cd94ec796a1539b581584f44dd0d8f25e3d4483df58e2409f2797e0337782684384d0a35be25c804226fa092bf53de6703f0e741cb394db5989b8d49a7d57024deb552edb9a8f13ecf4dff18d334c03716b13c3b35d23c3f6aa4796e5aea341b8b5836a84197183500dfa0065d42d4007c831a74095103f00d6ad025440dc037a84197103500dfa0065d42d4007c831a74095103f00d6ad025440dc037a84197103500dfa0065d42745e63e91bd4a006fd6320e0ff034c354e831cb41f830000000049454e44ae426082, 2);
INSERT INTO `datos_personales` (`idDatos_Personales`, `Nombre_apellido`, `Fecha_Nacimiento`, `Sexo`, `Correo`, `Celular`, `Foto`, `idUsuario`) VALUES
(3, 'Nombre Docente', '1990-10-22 00:00:00', 2, 'docente@example.com', '987654321', 0x89504e470d0a1a0a0000000d494844520000012a0000011b08060000006d1cc927000000017352474200aece1ce90000000467414d410000b18f0bfc6105000000097048597300000ec300000ec301c76fa8640000e08349444154785eecbd07805d57752efcdddeebf4ded47bb16549b664cb151bdb186c03a6d71402e1252f05485e9297e47f2479e18524ef8507e48514480cc4800d186c83ab6cd9ea6d34339adee7f6dedbffad7d253210124f888d2c719674e6b673f7d9e7ccd9df7cdfda6bafa5abd1b0cce2f1f885672f6f5eaff7c2b37fdfb43657665a9b2f6f5a9b2bb32bad4dfd8547cd34d34cb3d7ac6940a599669abde64d032acd34d3ec356f1a5069a69966af79d3804a33cd347bcd9b06549a69a6d96bde34a0d24c33cd5ef3a68bc5623f1447b5d2b806b195c64b686daeccb4365fdeb4365766575a9b1aa3d24c33cd5ef3a60195669a69f69a370da834d34cb3d7bc6940a599669abde64d032acd34d3ec356f1a5069a69966af79d3804a33cd347bcd9b06549a69a6d96bde34a0d24c33cd5ef3a60195669a69f69a372d15f132d3da5c99696dbebc696daecc56daa6c6a834d34cb3d7bc6940a599669abde64d032acd34d3ec356f1a5069a69966af79d3804a33cd347bcd9b06549a69a6d96bde34a0d2ecdf34895cc96632082e2e616a741ca38343181d1ac1d8f0286627679088c550a9542eecad9966af9e697154cbec67a54df995e7b239444221b695403296c0fcc22242a130828110d2a90c4a8522f2f902cac512cc162b2c560b8c6613aafc6eb95c45b15283ae5a81d16082cfe3426b7b3b3a3bdbd0d4d28096d626b476b4a0542e5d38e2cb9bf63b7a79fb596e5303aa6576a5b659ad56092e654c4f4ce1c84b8771fac4204281080a049c5094e0144f12bdaa686f684057732bcc04a44c2107a7d309b7d3856c368b702c8962ae0c97dd01bfcf0dbbcb01abdd062b01cc69b7c36436f0183a14086c650254b19843738b1f3baed98a968e36180c860b3dfaf1a6fdde5fde7e96dbd48a3b2cb32ba94d01a7a98949bcf4c24b181b9dc0ecec22129138a2c91852e91481c30487dd0997d30d97c306bbd94c60729045e5083265b6a043996d54c89cac362b1afd3e343735c2e3f3c2e571c3643173bf8a625e4ebb1566ab157a3dc148a7039fa04610cce70a88279330dbccf0f99cd8b2633dd9564bbd833f62daeffde5ed67b94d0da896d9e5dea690e3642289e1a1617ceb6b0f63f4fc04f2049362a180582c825c3e4fa0f1a3abad93acc90c835e072371c5ed7212748a0885237ccf00bdd10823379bc944706a82bfd14ff0d12193c8a244f029109cbc042c7f53038c025026b3da5f4790329b2da889dbaa5282c946a948a0cb15aa827b88c68258bdbe1bbbf65ea34071b969bff797b79fe53635a05a6697739b93e393f8f6c38fe0ec99f308876328119412644e5932a44aa58a06ca3a9f87e04280a9958af0b8094e049c0c655d51c9b52a89901e661301ca665752b05aad116c6cf21436029099122f972fa0afa7073d5ded4865d28886e2d013858c56078c16134a9532b70a4c3a3d8c063d3f23bbd2d5e0b690b5f198f17402f9720e5bb6afc38eab775ee8bdf67b5f89fd2cb7a901d532bbdcda2c1160262727f19d6f7e07475f3a4e1253459100154fc691c86408107ab22537da5a9be1a67c13df533e9b86dde9423c9640b954a1bcab91895508442618c8a084fae4085e159d0126a3899b117e1e2f5fccc342b0e9eee9432a95463c1041577737ba560d2850731a8cf0f85df0fa3d6c4247d997570c2c188d23ab585801e964829fd5d0e0f32153c9a1a5bd1137bdee46381c76edf7be02fb596e5303aa657639b5393fbf80bffddc173033bd44004821954e13400850a9949271cdad6de8eaec82cd6a82455f433a9d81cfeb433014550027fb98c89e74a8c145e9277e2baa34b2219169947f7aa089c7b1982cca4f55a174b3586d686d6a446f7b17dabbdb512433b3db9d4a1e86424b989e9c26f0e9e120f32a956b48917d6578ac34e56821955180568138f6290b79808175fd8826c378cf07de09bd8107588169f7d2caec4a6b5303aa657639b4190e45f0fcc117f1fdef3ead245d269b42824c2549a029974a94760de8e8ec849b2c455fad12300afc2deb29c57404a91861429ce435584d644c04875ab582543647a0305292956121b3f23a6c70da1d04a2328a94840e970b2d0d7eb4b6b6f0732b5ba0ac3399d9ae4ec94789a572fbfccad7954827b138bb049b8015195ba9cccf28f9746452995c4e39df8b45b2ab62199954123d1d2d70f9ddb8edce0370fc88dfeac799762fadccaeb43635a05a66aff5369f3f78085ffbca37c988c856b2494ab434a2b1089294627e8f1f1bd6ae8399f2ad56299227517ee573042c27024b8b28eaea0e72615e4d1e17f49532420438a3c9866aadccb6f2048d5618f50682531129ca3503c168637f2f8fac47a55a4699c7f536365262163133bf84db5e7f07dada9a317d7e9c8c2d8789e96902a00d57efde8eb9c929789b5b083e36c5de6ac52a0c6469149ac8b2df39b65f1320adea10cd24c9e04a78c77bde4a59ea40369dc5e8f0184139041234f89c1e74f675a2b5bd55bb975668575a9b1a502db3d76a9b8140088f7ce3519c3a39840c255ca198e36342cde459ec2e74b777a3c1eb87ae5621a05414d3a9505e55c89092990c0995099562165671881bf54867d2644f026535b29e023c6eb78a979259c11cd98e8d12cf4f166522bb2a164a040b821cdb309af57071df4e09eeecea448e6d87831132b96a3d84a1ad55f9b30c44249bcb816424c2fe809f17f84880ca1100294dcb04ae6c2e4340ca1014cb04dea204f4a18d40091e637e6641f5214e492bcccb41862710d7d4dc881baedf836ddb3791b1c97bffbe69f7d2cbdbe5d2a60654cbecb5d6a6841b0c0f9fc7dfffdd3f5326e5b1b8340f9b49affc419144026bd66c467b739bf21599755514c892ac9470321b5790c16f342b7f5081ecabbda985ec2b86383fb359ec281732a870f0f7f40ea04446132328982c363437f800825d319745a6a223c371432fb376367ed6d6069fdb45800372a90c129902366ede4240d3a3994caba1b909d14800b3e35330f0d80d041693d9a624dfc4f8382281798c8d8e2391ca2af09320d46c8e7dcd679584d4e9f5e8ed5f852deb06707e641c3b76ed2283f32a395a25f31a1b9fc4c8f818560df4e2231ffd009a5a9aeb17eadf30ed5e7a79bb5cdad4806a99bd96da14bfcf53cf1cc2534f1ec2e2ec3c0773864ca48085c539d8dd7eac1b5845c946e662b3209b4ac2e372922991a1489066a94c3011ff510e76321df95e2299444d67500eed2cc1aab1b9950ccb44c946f947a665b35828db4c2814c8aaf87dabc5aa649a809ac7eb44534323c1508750248ab24e8ff6f62ef4f7f7c069b5829a1291480cbe06bf623fe2939299c338f70d2c2ee2e8e1c36ac98db0ab2ac1c9ed71a39deccbe3f1c04ae624611121cabca191110c0e0e62f5ba0db8f5a69bd0dcec277036626a7a16e31353c80b139359cd780c4ebf1d77dc791baeddb7577dffc799762fbdbc5d2e6d1a3ef6b18ffdde85e7caac72e3add0f2bc6956625a9b2bb38b6d96cb157ce7bb4fe1d9a75fc2240768a99445859f2d0416d1de3580757dab90a124f2793d888483e8a2148bc492d099cd28e6094e1cfc45b21499914b444348a4d3d01bf819812b45f6d4ddd34fd254469e6cc641e968358a63dd801441ab4040f1399cc8935559cd5632280741d04dc099c70801d3dbd0840d6bd7a2a7bb83d23386c9f945b6e1c08eabb610809c28f1f891c50096e6e670e6f449bc74e43841b10516b6dfd1d6827d37ecc3e6cd1bd1d2d90e83c98844228d0419572e9b819992b189ccec34bfe72503ecededc399c161b8bc2e6cdaba01ebd7afc1ead50368657ba964162fbe788c209c472f1996f8df7ed4b47be9e5ed7269535bebb7cc5e0b6d8a64fbf297bf85e70f1e5172c969b72046b6b1148b60cbe6ed0415332c761bcc1229ce41daeaf620aad84b1c36ee5b261855f94f5fae6261694e39cb6bd51a92c928bc3e3f9afc8d7c1e839eed980d3ad8ac6464041709e4f4ba7dc8935155c8ba7c6e375a088401b297683a87267eb7bbb3131e4ac078368d783a8febf75f4be9d885643ca9823ea955314d6976667088b25207b3c98ceeee4e748893de6cc0ccf41c0c0453e943241ce616c1228176868c299d4ac0a0ab107c1be074b9902e56b167d73558d5d7079bdb8a1902b6cc6a7af8dd02195d86d297888e683281a6363f6ebae506b8284b979b767fbebc5d2e6d6a40b5cc2e759b6e82c3371ef91ebef3e8d3989e9e86cb6e426061019942013bb65e4500a9c14c2967e26384f2adafa9110b945705b21197d345961187c9a8a37ccb211008a850826c36a78235db3a3ae02070245271be6f875157260bb1502e928971e03bc9a2e294909229c14f06455cc15c384a40b3a0d5e78383c72d964b289169f591e96cdbb649815bad54a5fcb42a79364fd645e589d56b57c3428623d728572a905d51bae68aca593e3733afd8592a5f442e97875e1cff32a3582e52dee69021f01408400dcded583db0061dadcdca5727cb75e47802562e918c7a0366a76778cc1994088a8d646b6fbcff0de8eeedbe7035b5fb732576b9b4a9e5a37a8d98fcb5f8eef79ec3334f1dc2d0d8149adc4e4ccfce29a7f375bbf7a358cac34930b211548a1cb8eb7a0710a16c1220f2387d2a605322bc8599cc2dcdabf42bd1581465b2abde81b5948eb2d8b848a95482415f53cee968220a1df733710bc5c2a4ec36f8d9463613c3c4e21241ca040f69bcc8b9f1b91954092aabfb7b51ac14110a86c89e2670e8c8613cfac45328150b645d5e1c38703d1afc1ecc4d4d6176660e13a313c82532b058cc383f3422aba5e124205b8d7a32b92402e1251563a5a7eccbe6b2aacf49026630b4888c9ccb3caf01c1311ce2fbc90c25a9cc64c6b9a529617b71c3f5b760d78e5d383f780e7ffe277f86d1611e43b32bce3446b5cc2e659be78627f1f0d79fc0f0d8041aec660c8e8c2887f6968d5b9022637290e518f89b0a9135ad1fe8279b9842ae4076412624fe1d03655c706916110e741b9953341583dde5434b532bca69ca2aa301994c4a056256ca15b2932c65a55381808424b81d1eb2203df2f90cd94e89c06285c362a1142d10a06ae8686923e373915555a0af5510a0d4b4da24e58b076b56f5299967e5fe5394680532a5f68e76542a2582a753f921b2b91c82918872ae4b1f04b89c1eaf72842fcecfab19c93265a7845f2c12a412eceb86351bd8270381334be665e4f15cb0b2bd36b6dd45c0ecee6a92507a64294dc5c97e76f00ca56b16effbd007b16ee306edfe5c815d2e6d6a8cea3560d178124f3cf1124e9c19468bdf8b1367cf2a19b86fcf3e648b394a1b039c048ec568187baebe8672701eb3f1347c2e0faab2cecee5c4d2c234d949087602c6f8ec241a9adad1d4d0826c3c02bbc381702cc8816ea7dcca71cba0adb955c532e5282b3d0e37994e0989448c009183c96cae8351384866a65379aa447646c3618c0c0f62707c5acdecf576b660cfeeab908c463135398571324197dd856d575d0d0b8fd5d94d19a6d7211209e1ccb97304b002016423ba7a3ad1d0d18666ca3a1dfb2f8c4aa4a6d16c540b9b8519d6f8feb9b327d5fa40918712d365735ad1e8759341dae11589ea6c4277df6a3513393e3a8e6682b200f3fffd8bcf609afdd1ecca318d512db34bd166be50c4371f3d88c3878e93919870f2e409e828d8aedeb19bcc22a452a874b7b562626a12eb376d4168610e610283dbe925f058502d1728c186c9a422b0f09b0b91207afbd6aac5c8c56c4a0181f8a58c9471954a1916931176718827936ad1b185a054151f910a4ba82a40a8c862657ecf4b80733b8575b10d02468afbd808449dec4f777b8bf267a5293f8d26c96d65476b7b1b3c7e3ff2644092286f81b26d94f2d064b6a07fa08f775b5505894aa8c43c656d32210b96b32a964aa2e80be283aa5409825e0429451b3d3ed8790c8fd78786c646f8d9765363139fb72887bb99fd6f6d6e22cb729091c5313432cc63ce2b196c30ebf0b1dffdad7f33ffd572d3eecf95d9a56c5303aa657629da3c3b3c857ffcd2b7912de4303b36c6c19ac48d37ddaad2b6540800fd1d5d088496d0d9db8f32e5d079b216c9e524d3f8126e30393a84d9c51978ed0e9c1b3f87ad5bae21f858c8c14089972320c5085f062589bc0e97fa6e3c419642c92599116a04861ce59e2c3c3619cd289464d64fa722d35d042959a6134fa591450d8d4e37da9b1bc96a7cc8974adcb7aa660d3bbbbbd0d3db43469640b94890ab5430353e8af96018afbbf5565829659ffcde133c5605b1148f4556572915108a8610218bcb11a4245a5dd61baa1433ec979eb7a53cb7591d2aa25ee2c24c06b37a14ff5b6b470756ad252093813aec36aceaef53f9ddcf8f8e626a7616398295dbefc06fffc1ef11d0fffd2876edfe5c995dca360dbf47bbf05cd94ae31ac4561a2fa1b5f9e32d124de0b1278e5096455120cb989d9bc6de3dd7919164b0108da0adb5838ca9048bd3457966c7d8c808d990032dcdcd8a1dcd4e8e62726e0a364aa6497e771b41ca6923c0b83d4852eae529ed24c99df899dac84224cd8bf8bb04a4241b67b95454e108f2b74a66fef2dc4fa737c27d21e3679a833dc89b4e67d0a39132b3c5e7458900154da5549605bfc7a5a2d525a4a2c8768a6444730b0b0412037c643e46a301f36480278f1e5709f4126c4b825313dca2042871a07bd857d924e15e867d4b8a3f8d7db39149e5294b25058d1cb34ad036584db012681d04ca2a8133cdf63299342a647cc78e1f87e4d5b212b02bb23f5962221a2778c6b179fb569edfbf9d9d41bb3f576697b24dcd4775894ce4d4c95313183a3f09b3cea018c8eb6ebe09063e3f76e62c1a3c0d686b6a4695eca1bba313c367cfaa50814e3209b185c5598ccf4e283fd5d4fc14d6aed90a87d50987db473636429555a504caa0c841dbd6dc4250d0219dcdaaef4a423c915a020424d56a1d5e81fb0920d909062e8b1931026790002a8b9c1b09240eca52f15985c9aec4efe42360884c9b999ee163113182462c9e446f4fb792a1c78e1e53f1554b73042e826034125140e225c86c5ab7167b76ed629fd712805d90504d1b8151023925d38350fc783a2d2b79c8e6b28810189716e7d5351a1d1e248b1c443a1927203be1258867134974f0bbc1c0128e1f7a81f292e0254e7f32b323cfbf8499a969396dcd2e63d3a4df32fb69b6198e26f177fff06dc5684e1e3e848e8e6e747776e0dcf030995604fb6fb85925c16b6a6dc7fcd40462b1107cbe26387d3ecc4f4f10b88eaa40ced9e01456f76f456b533b07ae17a1a519e82a792c06836ac1ef405f3f2a948869b21571bc0b1393d4c4c427fef265c17059e546970089068288e4898a8b3f8aa0e675c96265bb625a3c144c168bf21b490a63aa43955da1d1e787977d2a564a3c76080532c00cc14c6e2b014361430ddca78fd22c41000bf2dc88942a762a1a8da9732cf3bbc2f4841985789eb92c991d7b64605f6a3c969021618002e26602b76cf2a68453b4b577a2ada50d26f6bfa5ab83c05c214052ee727f0bfb5b62db169b11ffe3cffe544d2afc38d3eecf95d9a56c535bebb7cc7e5a6d9608205ffdda53387e721071b294d05200d75dbb07a363e3189f98c0b61d3bd0d4d88a0c07b1308d23475e228875a389924fd6c49d3f774449a46060115d1d7d94887d2ae2dbc841bd347f9e4c4aa6eb33e8ed1b5003381a0dab74c0154a34c990602400c8e01710919c566222bfac262392642f759072a9d080624512a0eb61b19ae1b2db955c94757be220f77adc6868f4ab9082683ca1da113f91346e2213f310383b280d0574824b8b04c40afb95458a4028e104926541fc536961690494b6460f266666b1904ca925312602a1f8a3444a8a735ed21a13b908826c91c829d921f2c59c9030f4f4f6c36db3c34f50945950b9c622212d36097acde2ce7befc22d77bc4ef5f1474dbb3f576697b24d0da896d94fabcde1d119fcf3d79e402818c5e8d049ecdf7780522b4699f202fc9476fb76efe3c08f932934e37b4f3e892ec95ad0d8884c368fc99193082c4c63626a1cab576f444b4bb75ac7d7d2d282a1c1a304a62aa666a730b0663dbc6e17016241f90cc4d723336c26b2921af7918c0b22dd64ea5fd6f2092086c976442a36fafd645d45057e057e5766deec768962cf924559780635f6a91d499955e43f891897cc0d36ca43f12db534b7c3eff720168929c666a6940c8403ea9a891c9375880292b209bbea759bf14befba0debf6ed469c2cebd39ffc2c9e1d5e80c56453e98fcd644e52f546025e1b1b5af8e82116ea954f4cd6fac552094ccdcdf29a8cf1fc81d50303ea9c48c31450491240a3c5883ff85f7fc4ef096cfeb069f7e7caec52b6a92d4a5e663fad360fbe785af9a6a2c125b451f2f93c0e0c9f1f41201454a06590d92fbb1573b3b3cae1dcd6d4c24167c0d2d22c16e726313d3785d6b61e74770fa870012f8125938cb24f69eeb3a8160eb7b5756069715a0d66917b1270695063b4565f0a430011662503da4cb612a65caa12b83c4ea75a142d835c98888b2c45fc5b5959ee4290119f95302f015295bf8aef4b2e2abfc743106944230155fa2cef4baa977cb99ef141dad493f195c5414eb663a40ced765a70cf965e7ce817eec7da03fb6169e984bbad1bebda9bf0c2e3071122b08a2c9442a62abf96a43526e3131f94d7edc4aa35abb06efd3aecbcfa2a5c7fe0065cb5f31a15aa707ef4bc4a26280025dfabf2bcf3047989d35ab566b5fa1d2c37edfe5c995dca363567fa4fd992e92c4e9c1882c7ebe6c03163fdea01cc2d2d6176720a7bafbb4e153e8865e20a444e0e9ea294f1c1d7e423304491082e60667692378203fd7d6b14d3101f8c5496393f3e8c4c224d502a513aee253309a1542873a04b143a418ac7be28f7a4d08278aa9d1cd422ef829110aae5aa0a47d09371a919b5740a2dfe06e40a3925a384c1484c55369b412c91443c9de47e3a747676a81431ca1f542a28492711ef92975d8055160fdbac948c02966cb34a36d56a36e040a71fbf79ef3ebcfbb73e8c96eb6f02fc9d80c9099dd989ee7dfbf0c61bf7c04470932ca02269ed0e1b1a781d7afabb0936036aed9fc8cc38afe7f43caf0b817f23dfffb55ffd15fcd55f7d0e1b376dc5795ed37cbea84a880993fac6830f5176a6eabf08cd2e2bd318d5327bb5db94698b679f3f8dc56018d3e3946e03fd6afdddd8f818994212b7dc7cab5a80ec23cb397de60c56ad5e8d4602552291c212016aecfc2066171670ed35fba037db14f87474f56094ef0365cc4d4e60c3b6ab949f29110d501615d87e81eaaaa2fc41250947e06be9888fed4aac92844688535a327cca4ca4c47349423b6123a96c5a0584ca521e499e27337b520a4b9895dfeb533154027a92ebdc41d01369266b0fc3e1b03aae9c9b24cd8bc93a4282588fcd806bbb1a70fbce01dc7eef2de8b8e536a0b58f0065474d67e646e1a6e746293bb06d230e7dfdbb98e3b9485e2c71ce6704745259026502a14884fd4920120e2197267bf2bad8df02e5718efd35e39addd760dd9a75989e9a459ae721130f92e9b4abaf4b65275d6edafdb932bb946d6a8ceaa768c95406139333980f480ea956b43536617c7a0ad31363d8b075b3721c8b343251fa0958f4b6b62967773a9741383087a999495c73dd8d1cc85655bcc1ea74abc7482ca80a83da9b5bd042c927ebf5c4b7244026e0246bf0e451fc4e79ca29a98eac231f928a3556b21f27195aa95a442a4350a8820064552c4c4ab54b6e2b09fa0c11d064564ea2da1d94a592c84f80577c6336829acc284e4d4f4322ed4bb58a9ab9143029a6e258e330e0f6558d78e7de3578e0fe1bb0f7dd6f8377ffad404317c1c34ab66321109a149b1387b90e6638db7af1d60fbe1b5e324bc9af2ea11659025298c0343d3b85b1b1f3383774066393e3181c1ac4f71e7f022f3eff1c4e1f3f8ec1e111ccf18f81cbebc13bdefd0eb452524afd42c9b925e10a9a5d7ea631aa65f66ab7b9b010c6b71f7f8e4041f66173201c892aff8d1431b8f74df7617a71096e82c3e34f3d85eddbb69209e4f81bd2636cf80c8e1f3b04b7a701bbb6ed448ac7ce5116f5f5f662767a4c2d41592048dc7ceb1d580a2c927d8dab3083702ca2e49d842388af46d6f679bd0d04443da55d9a0046d0e196e1f765209b4d5261a6a6649aa48d111615243014782c498e2700562508c9721ca7db5b8f5c679bc20625b0b44ae492b43122f79cfa2a06dc665cdbe3c581cd5dd875d5060cecbb16f6cd5743d7dc891a59948ee024156d247bbb98c84b413f3d1f7504ad55576dc396ae461c7eea39e8ed2eb588d9eb6f228bec4367771f01a8432d1592194209f09419d10cc17786e015092eaada82795ec35564ae3211b1c46b1de335bfe1961b61211bbc68dafdb932bb946d6a8ceaa768e39421edad6420644cb2a8379f4f6162621c57eddea306669bdf8385b945b4777611b05c3092bdccce4c21b8384d004861f396ed18999c56f5f8dad88e9d37c4e9d3c7100f84e06fef409c1231958ca9ec09e26372b93c2a4e4b0a3ec86bb3c922b8a7deb35ac9966c5682544ab1200905a8eaaa0aa41c6451655943b830affc506a3d201993cc084a3604c97ea027b62413f58acc52122b1697a53019788c55eceaf0e296d50db87b5b376eb97633b65fbf176d7bf7c3bc6a13749e66e88c72230b40d5ff8983ffa2891f4dde13e8d253aa6dbff5667cf4de03b017c91209a64982ef1cafc9f8f961b2ab00f7aca2a5b51d7dfd6bb075eb363234bd92b912687afcf0219c3e759c2c761cfdbd04354f3d31e0c1ef3f5b3f9866978d6940f55334a91a9c4ca6c86a3c4ae20d9e1e84c3e3c1ce9ddb547e2599a9cae4b3d8480690a554b31b0d880617303e3a86b68e3e953fbc66b3c0412663777a54943608305102d4a66d3b5026db4989639c8022335de2dc169693a3dc13b0b21360eab37d4695eb5cc02b5f2cabc12d0851ca1754ac548680138ac6c83aa4bab211523e4b6299ec9499e29c97a52e59f6bf50ad21408957c8a630d0ecc6d5ad2edcb8aa097b5737e2ea4d7d587fd566b4113cec03eba0f7b5914589cc232889bf483426fb4bfec64d1ec5855f553f2573823037d1a106971737bfeb01bc67df3ab853012ccc8c239f8aa15ac8201e099295863129f2eff429cccc4cab9a8652db50da12d61409053034780ab37373e8ea6a87d968c691170f2969add9e5631a50fd944cfc39c55c01660e7ec9343034388814255793bf016eab4b054dea2b1cc0645bb234c4683661786448c54c49c1851d57ed52b36d6bc99ccadcafb3bd0d2363c3f0393c68efe98583ac67716652852004c83ad45a3eb223917dc2c63c641325028e9838c7a56069a944582018c8da3fc9aee9a1dc93593ec9b12eebf42c26a9fe220b8fed021fca6f2505168a952ae23c462d13c3d68e46dcb0aa05db1bccb8aad7874d7d4d1858d58df6d5fdf074f7c0d2d002505e2a635bb532b74a093ab51124097c3aca36d44aec8b6c025c17370936e5d7fbd660dfeb6ec47baedf88d7f5f8900dce50e62da098492045204ff2b9de5021c38be2f08b07314f89e7f6fad8dfa28a6c97d2f5d3d3934811d025a5f2d2e20212b195c5ef68f6da300da87e4a26714c4b8108dc2e878a031210112ddfdeda81f940005ea71d2f9d3c83351ce032735522388d8c0e626976068dcd6dca77154d65912023ebebeb2180cdb1551de62627b166d52ac5d40a79499752a4acf4a022a0446090ec0952234f188a04674a5c54a9945709f0ca0408f10b49123d99694ca4126476e2ab32d66709252c818027924eaa2bcb16894760cc27706d971f07fa9bb0a3cd868d6d76ace7f3eeee66b493b5f83bdbe0686e81996dea8c46b55447c0482f2c86fdaa912dd624d8b34cb0e26b5da5c0ad48a0be006055090495479e83f49b4cac6df336ecd873156ebc7a35eedbda075b3e89c1c9512ccd4fa0908e916545918d05512be6108b467186924fa2e9f5648f2529244f409c9e9d4091ed9acd76559842b3cbc7b4b57ecbecd56cf3a5c367707a6852851b8c0e8f626afc3c162805dffeb6b7f12f7d02f90cd90a07543b07783a935799110e1f7e1a81a929ec3a703bb2f13459820b7ab3035bb66cc2771ff916b2048c22a5db81033752f64c22b238a352f94a506691d248724889c4696e6a218865e194e04d322e01426145b2664f66da6476af4899982493329399c93e22198d06b3388ac8560c0af81a2c3aac6b74a3afd189068f1d7eaf131eb7830cd00ea7c705a7db051b41d2e274c36873424f26a5934876a385806552a00532c61ac14f0258d581d8be8a16579b485062139fcb4b65a210c9fa6af1107204eec913473132328aa191593c3e388373c93c1ad97f8fc309b3dda1da9145d646b3c49895d140b9acd351bef2fc244a5e52dbb4b4b4e1ed1f7c0f6e7bfd6dea10dafdb932bb946d6a8ceaa760229f4e0c8ec148665028508ef1affee9d3e7d04b696427a8c85ffe2819d14067b7aac9e776d9317cee94aa24d3d8d90bafdd0597cb46e997c5bab5fd9490794c531216b319ac5ab31636b305c1c03c0a042019f4b95c4a493e4971e2f73628901247bac837c9a020f24d729c576b3ae5902f16f388a752c410b21f2283acc913c4a81154d4826432b53d6d4edcb9a6157b5637614d6f137a3a9bd0dcea87bfd9074f831f2e4a4b8bccc05126ea2f2c1a96604d0893224b8294991726c563e9c8e8746579249b625fd859b0439485522c82cff99eec5795ad9453ef1379606e69475b7f1ffaba3bb0696d076edbdc8101bb094becbb80528e125752ce081b14b92b2972e2644ec234551c958ab0cf22125ac4e91327ebbf1ccd2e0bd380eaa760f1b8c427d56022833070008744ea35f9d0d22eb99c0a8804236a19cd5c3048c64139373b8d583c8a583880f51bb650a644118a25d1ded6acca5f89ef6aedda55ca99ddd3d98949b22925f3527198f87d59c292903428040ed15d429a25138104604a6a1719cc460e7c9bd944095a4284fb4ac882d01736c9afe851e6772a04bc9dad0e3cb0bd0b7b570938f9d020c0e4f3c0e1739345b9552e779bd30593c30e833028b62b2c4922df75027804901a418ad44e2d3c56af0920024c100012892aef13a0147029399857b250af5ecb26d9142ad053c2da5b5ad1cc736e6d6dc2ea9e76dcbabe1d3d0e33c642645cbc96b292314d30b251becad21b099f906874095f28e5d816999c80f2c8d973f5c5d09a5d16a601d54fc14291980a8a5440914d632110c4ea813e9545534a544920a34815c9155e295670fae811540b3980a0e47579108884e1a1b4aa4ae626825d2216c2fcd838babbba559602090d10b662b5db780c4a1c82519183bba1a14945a7db5540660552bd581ce22a1b8124812218499e750930e50be86b9478c28278a466ab1ef76debc50dab5bd0e4b1b22f944f263322f90a264349b2983282992ac2d93242e902d2850ab1a8a6d60b5665e94b859b0012b71ac14900499ce7c2ac14bb2238a9cf1588711360e37b7560127f561dc0ea0e77f91edfa31c3449906b6b3b1a5bdbd0d6d684b57dadd8dde5839d9f2dc4e248497d40a2ad44d8db786da40c973c4f92597929554b6469469e6f606116b33333f2ebd1ec32302dc3e7327bb5da1c393f450992112cc0194a8e4c9a328b837ec3fa0d2aa15ca9aa83cf47ad4ee00891450d1e7f111902d88efd3721bab0808aa18a74348b1dbbaf462a1ac1c4e81026a726b0f3eadda43f7a449616286716549e2609fe8c938d596c0e58790c59e02c114b52c65d6288a49a8baccbb31218252fb9a42d3653f2895c921006294ababac58756a7090b91104e2d4471742a8aa786e6f0c2f9593c3f3483c3e767f0dca9311c1a9cc4736726f1fcd9693c756c04c7f979209420230ca0942da0d1ef56be26bdf898c4f9243f1563ab3faa0b42fbc173ee27d74080523dca6bf649404f9cf1025822272fce14d6e43df5ba84423a8bf90cc18d879145d692bbaaee6733122b097844b9643a0387ad0ee60502d6b69d3bd52265ed9e5f995dca363546f553b010a59dc82f49d73b353d49b96487d92a0c2baf4a5eb534f991ce6438a809548b0b2a36c9ddd88e8ee66604c9962c3a939289921ef8e4c923c850aab54bbc90c78be9e929be8ea989fc642a2a9e2515c4e9b03b55ee2709e4148092e533e293127f983028a9e327d061311b9452932536163ebacd468c4ccde2f1b3e3383413c3b9601223ecff2cd9ca6c244df694237349633a12c5d86208a373019c9b9ec7e0f4029e3d3e84bffee6b3f8ac6c8f3c87c3a7cea34650a8332a61572203055c0474842d098b92f72eb02ed9f8997a14d6253e2b61564a225ed89ff8a5b75861f178e0f28b8fac01dd9dcdd8ded38456ab11299ea7642735e8aacabf262c4cae493dfb423d9384e0a080e0e4f8b8fc7a34bb0c4c03aa57d9c4911e0cc794f492a5268d5e2f01a482f68e36e52b7152ae25b339b2003d59571281c5391568d9d5d787f0428040a3279815d1d9d78b24014a2a160742210c74f72195c952cae4c896526a664e784b21476967b1a9012a60254514c4812ce5aea4b69f147048937509483a6cb28ca59ebc4e47108bb07fc3f36467ec8f85e86527bb6ae4f156353762a0d18f6e8f03ed760bba29a1fc66933a562c21298829b908b411ca2b79be1489e399e367f1c48be7d43216a994f303df14c1aaaa004bfc577569a717d9a7642041447c59c5328ad2d6dc12264f913d9e19c6d0c9419c93e723d3648f496a011bcc762f9c5e825553037a3a1ab1b1d105c9e52e99272289246c648ae293b3ca2c28014ffc74299ea3a47b911585c1c545f50744b3d7be69e109cbecd568f3fcc828bef2b5ef2bbf508020303b374346e5570cc96131abd82497dba5d6de89c3f83b0fff330a9469fb6ebb1b6367ce404fc623e3f7a6db5e8791e173181b1d54d9091addcde85dbb06b1e03ca62647947c1349130e2fc0dfda097db9a216234bad3e294325f4c94e60124621ec4da2d465cd9e54a7f15b2d1cd43534d94ce86ff2a2adc1a9161edb857d990cecbbc423f16f1a37096990c712816d219cc0a98905b2a9009608b252c55872148b3c935c543d648adffcab4fc0edb4a9847b12a22095666afcbe8ed74342140460d50ca1b4ab385e0d6383e7f1f0770f61214990cde454c60635ab7701cc2418d5ef76a3bfd5870e8f1ecdc632e2049d174f0de32b27e7401e053b8fe1930480959a0acb4810ac25e3a7843e481a1a13ff305c75fd3efccfbff87382d7ca53bf68f7fccbdbabd1a6c6a85e659b9a9a514c46c042d28d64521c300415b7cba5660165a16f49adb5336069be5ee6c9ec6d55cc225faae791727b9bc83caa585a98c3e2f4345c1c6839829afc8d89849760e6404c25a3909253650285819b00a3449b0ba391b00459af272025cc4766fc64d98ca4716921485ddfedc61b37b4e09675ad58dfe64693dd0c0701d2488ea623908a2c53fe209168ec97f8981c64541bba9bf1c0816df8adb7dd848fbdf9261c58d30707cf490245b304c0855004997c09d5125914a5a5302a25e5d81e08a410c7bb6abb3e3b28b38465b2b9471f7f09fff4bd1771ecdc28a602218c2d2d626a2948108e23144d61918fa747a7f0d5a78fe2ff7be805fce963832899dd686b6c448fdb8a1859949d801815d94c40927cec168294cc70ca5f6571ae0b60c91a458d515d1ea601d5ab6822fb02c1309fe9d4dabb582ca29886640c909ce405320587c3861c01468230a5ca4aa954c1deebf621c4c1e974381191ca2e033d989e9b563356450286ace5ebeee856e95724dd4a85efcbdab64c3aaee2a204b02407558acc4c66f124b3a6b01c29f06094404bf645d615b69131eded70a0cd65e1fe9252b84a195a443891c1e25214d38b314ccd87313917c4341f17c34944d3454ad11a995a06899864db94f4c6c0409b171fb87337feec97eec37f7bdbebf1a1bb6ec147eebf9580a15751f80292025422fbd44ca06c17804fe29d440aca632199c2779f3f4a999b50b2351409a9c47771be2f557116c82617085e8b04ae60388a543c81e185303ef5f430c61365347b9c8afdc5251e8be7ac023dd9aef8ff145fe37b02a4725d44226a76799896337d99bdd26d4a96cb871efa366289a22a877e7ef41c6a1637bafc2d58bf61153264199296249ecd52aa008f3ef2102599136fb8e72d78fed927912966c938f478dded77e0e033cf72c0a50818d33096f4b8fee63b2805cff0fb31b2aa59e57b0a2ecda389b2cf2ca95bf8be544396f57a56caaeac02331a99840047abc381ab9b5d68b5cad218323b3b0193fd09247304aa2cb264420582a6802905976260222f75fa2a9a5d4e6c227b5acfcd4c4662ac959453de44e01367bda48471bb3c7050d25a6c669533dd200c8d7d54451aa41d3eea24309440260e35613892c86f76640ab7fcd21f92e910e0d863897b2a12546476cfc33e3613d87712b85b1a3d189a9ac3f1e945c40bec2b259e99a26f7fab178f0c4df2fb15b45baca892f939793dca6c5f0a55188c64b0b532bc4e0faebbf126fcd61ffeaeaac0bc52d3eef997b757a34d2d1fd5327ba5db9499b693a7cf219b23002c2ea9252a52be4a5210cb5f74b7d78d5030a4d6d6c5034b989a18c5ea759bc8982a088417f9d7bf86ee5e8281c1c2415bc4f973a7556e72c983deda3380a5c5193ecf9059c92c97418191dfd784422eabd894644ab09aac7c9f52e7027996ac05031e37763738d16121c7e03192991265668d32d48236af136b3b9bb1a5bf153b567562d7ea365cb3aa0d3bfadab0aea311dd8d5e054693645b4fbd701c23f301a40a15b81c76987908039b945936455ff8421e2434401649f3415ea97ff5fff5bf91f27831cc20b018c2971f3d48d255a6bc3492a935e08e1d6bf0de5b76e00377ecc6bb5e7f0d6edcbb1e576decc4cdbbd6e0ae3debb1b9c38f02afedf04284005be4b91491e635f499cc28b15d91ca126d5fe266226857780d24fe6cd3b66dd873dd5ed85ea692f272d3eef997b757a34d0da896d92bd5a6f83d64294b86b2e8e8e153aa94d4d4e414cc362b5abc3e1543d5d2de82220125473966234b383f4876944961eb557b313232a8648b44586fdcb0858053526b03e3d145e8c97e2c5627dcfe2644238b8849fc14fb9da15472fa1b50e300970c9fe97c4ee5bd5255660805034e0736fb9cb8a9a301bbfc76b8756532b90252651d7a3b9bd0eab7c06d35a86aca3abd000d251ae5648520a2d80ea593c5a487c36642bbc78e0d5d0dd8d8d7498028e0a5e1491c2313b291b9b8d917f1bdc97215899097f82c919ee233936b22fd1178e2c3bf985c2f8288841f389d56dcb4a51ff75fbf1def7be3f5b8f7fa2dd8bda90f9dcd5e756c89f512a0ce500acaf515b9e8b79bb1b5bb01c672152f4d2ca8f632bc6616616f3c90d92433a2c2d084c049bc18651f59dd7537dc88ad3bb66af7fc0aed52b6a989f457d0cae532befdad47f1edef3ca15e472331b549997309b294f42ce1a5207c8d0daa0455241657b36f8574060bf3b3686cef82cd28e19965e54f1236e476fbb1105820450e1130f4088797e024b54ec7c28a39891413e7764ec20d2c76e40b394895e05a85ef93c56c59b51ab7f8ddd8efb36293d3005b258740228989781e36bf073d5d5e828a48bc1a0a55bd5aac2c11e6c5920e85621552dd58b277cae2e73c9f4b1108390f796de2b1776de8c47b6fdc813dfd9df8eec113f8d2779fc7d4d4028a3ca762268352417c446515745963bf248b8138e7d5230103175fcb3edc64d240d6f2757736c24270cc5316c725377a248e50208cd062104bf38b8884628845132aa443d62fb2755cbbbe0db76fee124794c02b923c262f1a19251f098ce2bb9205cbf287447c85fd0303eaf7a4d96bdf34a07a856cf4fc383efacbbf8edff9addf435f4f17ce9c1bc2435f7b5869f07824ca815d84dbe14081d2a3a5996c88834f5887147358989da564c961efdeebb04809683298c8b4b2686eef413a9d54fe96645c724ce9552103b7b7114b4b5328e5d3642c16c5ca24ad7026995483344e2928fe24c9cae975b839f8c940440ee6f288a78b481268dabb9bc8e43870a5f37aa3ca705033d68b2b540970028a150e7212186209590c999a38faf31cfc054a2b6179658295ccdad9ed065cb5be1d6fd9b745657ef8c7270ee3cc997114790ee51c6527bf2bc542c5a12efbcb24835a627301ac045495335ddae677d2a9b8ca17158b46108b44100d86110d71e3754cf07a4aeeae14af83842e6478bc34595d2e23c9fd8c58dde2818dcc4f585b9e6d4b15e8ac047aca71f89e9c8b80a4c36ac7c6ad1be5ec35bb0c4c03aa57c0a62667f0c93ffa14bef5c823705362495ef2dffeaddfe5601d413010a4ccd0612e14809503e9da6b77ab9259922db346e6e27639313c348481d56be1723811082e71804a8d3d1d366fddac42081665c6af5a526067206b925003c9ec5928d6b322e47369589d12ec28cca7c8e398548929c93d65004185f2a848d0ca910d2579cca6161f2c36bd5a5f6822c0d5084e79b29d1c415306b3c3614553a30fdd5d6d58b5a65f2d33e9ec22dbb33a082892dca0cc63b34d02961caf5c209fa996d1d1ecc403376e5759171e7ae10cce9c1c45856c4c6625ab15b2310109010c321a657c5440259b3039b655c865904d25918a47918c1298c8a404b4b2a92c0a990212d114424b110416c3985b8c2118499375499d40ca5c5e33a7d1c1f3b2505ad641384b60143f55bd6cbd88d91afb50c1f6ab76c0e3f5a8f7347bed9be6a35a663f499b9304a9bffccbcfe3f0a117c876e294754dc8940af8c6430fc26696a972b2a66c1e6e8f076d1d5dca999e9369f785005c2e3b1666a6313a3a82eb0fdc8c454a447190071797b07afd46ca9f5e4c4e4f606662980c87409388a363f506054ee958880021328f40c44168e17be2d792653336b39512ae0427d99447cfe1ca815fe39fa43207afb7c98346028accbec96c5a521809fb274cc364949939bd6274268b499546f7fb7d686d6dc1aab56bb09e0ca4bdab53c55625c8085541075e037137f134257e132ebb191bfa3a7066720963534b18e868e0f1bcecb359c59349d0a5f8aec477243389727d041d05c84a528c219356c52132a934e2d124027321ccb29d33433378e6e4309e3d338d63637c3d1dc6c9b1451c1e99e57b633878760ce79762b0d85dd8d8d402afd38d04db4b13fce4183261212998ab6493bc0c78ff877e09fdabead24fbbe7576697b24d0da896d97fb4cd68348ecf7ce60b181d914c935330880f890072f4f0210e6249edeb835418161f4c774707d66cdca6bcc8190e460911705aac78eee927b17ecb06ca421f8687cf903dc49025833870f31d98989fc3fcc48872a2eb487ee3f118f6eebf8d8c8b6c62fc389c763f312802a7d3abb27466c8462cc6fa2c9f38d2d7bbcd686be9c04238a8e2966c0491eefe46e5188f523e8563944e921f8b4c2b47a615c89730164d63702182e3d3011c1d9fc7a9f1394ccd0550cea6d04ac09168f8555b36a92ca3919919b55485439fc05777985b4c06f8dc36f8dd0e3c4770a99109eddeb5414d2018c82cf59497729d24225d804a25cd23db93b578455ed37c2a41a91cc7d80801e9d9419c990ae189c900967265ecd9ba16f7ecdf8adbaf5a8dfddb0670edfa5e5cb3ba0d57f5b760635b233c04c2f18979f5fbe8c91671ffdead30b99a30261922288505b044b2fa9b9af0c10ffd22ff78b8d5ef52bbe7576697b24d0da896d97fa44d99717afcfb07f1f453cfa8a9f144320a1ba5563a9b542bf365004a4c9438ba53947aab366e85ca96108fabf82aafdb8db173e7b0b0b888cd5b766096f26e7cf42caaf9025a7a08066bd62040b93837314430c922158ba2a1b9030d8d5d589c1e529a5d1cd0053211c5482867a4cc54b55656ec61a3cb8cd57e3b5651e224161651a35c6b6cf6c0e1b221102148250b48152b0813006633458cc733988e6510481711e3fb29ee9f208885b2058c85a27876680adf7efe840201bfcd88feb5abd0bd763df20415597b28002cb36b726c93d984ce661fa616a2985d8aa2c3e74677776b9d51490c15599b8aa712b0129c62ffa5c273294d0635bf80679e388a2327667082fdf1b4faf1bedbf6e017de7c33f610f03afbbbe1954a3e76bbcacaa07c65179cf456b6ebf5daf17db2b098b04532ac8e5a013bc90253a49419ee972ee471f5d5bb71df036f517d10d3eef995d9a56c53f351fd8496e3059e9898469200a222acc92a2c06331985597d2e3223918c6171719a83ca8a6ddbb6abc5c10e7e6ee160ad109086868755147a3c1155a95b2c2a4d4b116fbcef3e55c1787e720c895494bf24891acfa177cd1632ae00b2a908ec36979ae973918949bc558e035046bc998ca5d9a443afcf0abbc5a83e93e2a435430d1e9f24e78b602e92402453c6583c8bc17012f3a91ce2f9a2f26115c86c64ca5f661fbd769bda6c661bf4261b62053dbef8dc69dcff7b9fc1a7fecf1728018b3870ef1bd1d9de4e702ea3c4eff370f5f32760bde79e3d6caf86ef3ffa222a041436ccfe508a2a1f95ccbed5f795c902617ce2287ff49f9fc389738b1826237ae76dd7e0cf7fe35db8e7bd0fa0fbfa9be0dfbe17ee0d3be059bd1ebe8135f091a5ca3a493916e992e035f244be30e5de60368367b3094c570c88ce2ce2f50d4ef4591d044a13de78ff7d0a4c35bb7c4c03aa9fd092c90c25595c0d0eea0a8e1323ac0e3b9952032c16bb723c17657989c98eeb6fbc1d4e2bd956328d6028ac22b7a50acd0065548583747c54b24d46112533d976cd756c3781b999694497289dc41f9488a167f526ca433782d38370b06d8995924197c92409525915ee6033e8e1a6045be733c16a362abf508900a49690b08f22f1f2650302851a861359047352f600ca29ee77dab07fc716bcffcd6fc4c73ffa617ce2377f131ffff8c7f09bdc7ee3d77f0dbff8c1f7e30dafbf1d7b765c8d868656fcaf6fbf8077ffde5f20b2348b7d07f6c3ccf3576111823e22e9d86e33e55f738b8f2ca684c842003a7eae023beb384536557fa2977a82bc56dffae293181d8f20c6b6fedbbb6fc1036fdc077b572f415687627801c9c9f3880c0f22383a8ec8628052b7889a483a323999d52bf23ca3790266a5aad852d968c689741471af0bc3d30bb8de54c3fbf6ecc50d37dfc8e36a763999963d6199fd47da9c9a5ac45ffc9fbfc6f4f8385289388a05b2925848e5282f96c4294c90325ab0e3fa5bb06bcf3eb52e4fd6c535f83c585a0862626c0c1ddd6d18193a8369322771225b6c5ebce37d3f8f91f3c3183c7e0881e08c4aa5224b496e7addfd981f394db08baad083503c249e2135ed6fe44096f823b3c1882e4b01bd7e1b3c36079c76174cedabf0e2534fa3d5e704291b8e04534ada099d9108714994b767d306ecbd760f5a7afbe06c6a82dded8199df3713fca4d8a9644f2037433197c1e2fc2c0e3d7310cfbe7004c7ce9d859f83ff6b9ffc554c0e8e636a74045eca4dc9462ad5a0ed160bfedf778f20343c830fbee506acd9bc0656a70726bb85606e85996c4d4f40ad1068bff3c5efe0d1af3c87b0c3845f79df1dd8b4aa193a4f23d2649e13d3f338bf18c7e8420cf3b1246269294e5156e9863bbd4eac6972c2cd3fb9e94402cf4c85f1ccd8acaa4728054cebf25287cd561e331ac18d03ddd8fd1bbf898db7df0daba73eeba7ddf32bb34bd9a696e17399adb44d094c7cf2e91755497629a2904b67d4da361b07b754139622974dad5dd8b6e70076ecdead320748892c87c3a1d28bccce4ea3b9b90963e7cf616166820c2a02abcd89b77de097d462e4c1334711989f2453caa9629f7bafbb05f1a579241321c5cce2a918598801129324b149560e4661345e4316dd5e29d36e25a3b2a8f3d63b5c989c9884cd62c6b14806992a0730659dacef6b73dbf1c6db6ec2ae7dfbd0b17a357ced1d70fa7cb03b9d181b1fc337befc201e7bf8113cf9fdef231c8e60edb62d1858bf1e7d1bd7a1b3a31db542152747c6085e73b8f7d66b3137394d0022b3242898095222c916c2698ccf2e219ac8e1dce82cce0d4f22982c22496617e77be9580ca36747f1f0df3e8a10afdd5bef3f80edab5b54d4fcf98959fcf5b70ee1c1e7077178680a934b11846209a4b27915131625604d0463185c88426a147a09c487a783c8f0f72355a0c56767623f846dc98ca6a439ae48759e738730f7e2f388ce05d0be65ab4a23b352fb59bde7c52e659b1a502db395b6190a45f1d813cf287963b311104c1694f8a2adad1d2ded5d68efeec39a8d9bb07ac3060e8c3c595002069349a5c13d7de694f2ab8c908dcc4d8f1198166037db71db9bde8a8af856085263644ef95c56cd82edb87abfca78105a9a829d0018962ac11c8822e7840b4b8106bdfcab6531e0e13104a46471308149f251e9ac4e4c12405204b6484d0239c5555485df6ac46dfbf760fdce5d6820e838fd7e58ec7684c221fcd5a73e8587bff03944a7cfa3165b4066711243c75fc0371e7c90f2d64579ba1bbdfdbd2a82bc922de1dbcf3e8fcd9d0db092498ac35cae89898c46c06121922650cea1c16a4295e0934d24119899c78ca470999841385b61db4388ce46d07fd51abc8dcc2bb410c64b2373f8b36f1fc67cc984ce759bb065e76e6cdaba03ab566f406b670f8fe1a1f42360a5a540830e51ca5899cc98e2f16c045a03d994a459969948223a199605fdad6d488582b0f1c225a6a7303a781a3bee7b2ba563ddafb812fb59bde7c52e659b9af45b662b6d738883ecd37ffe59b2991a7a7b7b94033b994c2a07bb9140d1d5d94546d5a25290c4b80943696ef0e3dcb94155e4e1f4b197303d36ac4a39793c7edcfbae9f53295cce9d398ed3a78ea8f7f90676eebd8103cd84e0dc88caa794482791274019aafcb85ae27b6447943565b284f53e1d7c044227d98ca47a11462189f22cbe767ceb89a751b3d8b15024fba284dbb7a61d1bfaba615fb713bece0e781a1b39b8dd8850c2fe8fdff875d8ca71b47a8d948e56b55eaec2be1874361438e0271632d876cfdbf1f1dffd5d4819aef1c161fcfe6ffd360a81697ce4ba0dd0990d7090a9c9425f1b01f39993d378e6e9a3e868f0a94901b5897f4a2ea451a792e8598b5584a249bcf737df897e8701df78f6043efbcc19746fde8af6b656f4f4f5e22d6f7f3bdaa54a7455d20a9721055d0f7dff197cfe2ffe12e7c6cea9a5487dadadea9826bb134132c01c814c96047df897ff0be5f7d530f35afdfaf5fb30e03429f02ababcf89da70ec2c8ebb452fb59bde7c52e659b9a33fd2730a9562c72e2e489e3989d9ea5244bc045306a6beb406b53b39ad55b5c58e45ffb0c9c52eb8e0364627242399a5f7cee194c8e8e2093ce62f3f6abf0e6777f00d9549ce0f5024e9f3c4c891552fb5fb3ef26d82d0ec4c8a44c1ccc51ee236bd6cc3aa999578395e028f35ce21beb71024e32060ba596e443973c4b2ab0922cca4054d0d7f468e21faefb3777e0a3b76ec5816dfd307afdb052e699086a228fe4afe0fff9fffe00ae6a12ed2d76b8fd2e58794ea5721d5e3c1cdc1b366cc39ffed343403a8ed9b979e534ef59d58737de7337fb9753559655bc12259700513d34234709489957ae6086926d2293c328cf7d32934788af25e034cef774661b5675b7e0e4f9197cf1f9b3686ae6758b8f2371fe08ce3df96dfceadbefc33f7cf633281334ed761b5a1a7db8f3debbf0dfffe0bfa3cd2fd5768a0872802c0683383f3c84b9b969cc2eccc0e372e2cdef7c2b366cdd828e019e37cf292509055145594a7cfd07d8946697ce34a0fa0f9a808d64cdb450de0830cc4c8c904559708ecc427c410b8130968261154f24b13eb3e363189d9022023a1c3f74887267026eb70f1ff8d0afe0c06d776176660a674ebc80a3c70f535206e1f578f1b677bd1f925c2e307f9eec2187603444060038a4fc139994009938b7336461cd96123c94550aa4081292a657629504a8245380196548fa5f8fc5842d5dcd70b9acec2f07a7dd0d3dfb2d556a64df338343c82c4ca2a3dd011799542a5dc1b70f8de1af9f1dc5978fcce3d0e03c36ddfd46ac26cbe96a69c5e35f7d482d8791ef0b086c5abf16c93cd9de856c096a5a8fe71c4c64a093b00d1ef72dafdf89f7bd81e07cd326f4f77a712e91c2b95802854c1906bf1b6ecad1879e3989be9e06ac6d31a25d323ad86bf0dbab6873004f7df51ff0cf5ff9b26abb22f0c973dd7cfd5edc71f3cd30b22fbc58649af5508d72a5a296f2dc71fbebd5ef414c9cea16b2270972cd707f5d43930269cd5efba601d57fd09450266310ff87c40f2d0603082cce62d7353bb169d33af4767750f6983074e62c1efbe62308c82263a2ccb95327d4c0b96efff578dd5d6f52a59b8e1e7e1e475e3a88c3c78fc24ac9b86fdf0db876eff5384969180ccc21959462093195704e7c4b32f82c3cb62cb80b8b6fa69443b3c3a2ead7a9404bb66fa254139f960088f867f404bcc6462f82a93c2a0270dc57da9242a112524114e17f239ef8fa4368f25ac8408cb09b4d78f2f42246c25914289d96d2053c3315c55ffefeefe32f7ee7c338f4d5bfc5d0d19754cc9414adf0373762f5da756c53589cc093cc28f2431e7f76218c22fbf3fadd6bd0d7e4420b995a579313fbfb7cb8ffea5e2c263328e64a686b726362268cb944141e7b45313d1daf9c74d661d3a3abb71f1ff9f87fc7f1a79ec6f4ec1c6537191137b1add7ec829597c5caf3936c0d4466d5b7b53d0378e0fdef5500252691f04ea74315ba18d87f077ee98ffe171c64589abdf64d03aa9fc0248b418d03dc456624f9a24e1f3d81bffdc2ffc3571f7c105ffdf23fe16b5ffb2a26a7a6b827e5ceec2c6628fb62d9848a9c16b9363a3488a71e7f14070f3ea3fc4e076eb819b7dd7c3b2afc4b3f367206b1d03c757e48a5cc359a2c1cb0f5634a5625540b08a41288f27bcd763341c57841f249851929c4c0e70423012dc56e78bcae26012aca1db62fb2d0c8be57f8898c7301de62a9aa80d5c6b6ec7cbe1429613691e571093702ccb4420538353c85c1c71f4636165441aa929d41e2bca46a4e635b7b3d9795643a2630e8d9f6f8520aa95c11269b01edcd7ed8dc2e781afdf03537c3ee7210189d0267d0576a2abce0e0a931b4b77914335c4a24f19d131378f0f9f378f8c5f368dbbd0f9b6fbc11abd6adc137bef44fead8128d2e525026031aac66ecdfba5e2dcf91b01087c5865ffbd8c7d0ded5513f810b56e5f94b768875371ec0861ddb7f00629abdb64d03aaffa0c97d5daa96d1dcd8a866c91a1b9bc9a6f69209edc7fa8d1bb161c3465cbdf31ab43637a1bbab07bb76ed24c3b2c24d0653ae1639b0f23013b0b66edf8e3b6e793daebd4662ac32183e77129120591441a85092653066e548972c00865a09fe7206ce4a1a139108d2949e22f17c646e16828394831287be8445a8ef290968528024b2aeb3c1059dd98cf3f351e8c95024b382b994557eb632c130974c41aa2b1b08783eaf646190382b9e6c9550250c893fe451d6f149cae122c1c826e97b29b524f381f8a2ac3c478bb1be1fdfe4d775f887efbcc42f1bf0c6eb36c2e6b4c3e5a1bcf379e1e5e6e06ba7a463514845d0c997299917e073d9912d14f1d4f1794c2e25544ae4f1c538fee88fff1c7ffff93fc6f8b1273176e624bfc7ef540954c5222c04c05a2e073d37090f49a613e8ebebc79e1bf6cbafec0726b25d97cfa1c2ebd3cecf35bb7c4c03aaffa0c9a0958c021285edf57854d84191ac428a6236b474aaf0048951f2b8bdca1f924ca5f8d7bf86682caa0a158c4d8c219fcf229748606a6a145363c308cecd20c2cf32925f8a7ff185ea48fe70c8cc5e318dee5a16cd28c1adab52b6881a226bd011546c6658c89c44f609402926258f6414caa94d4625298a1bec163492711c9f0db2cd2a81af86667d01e51cfbc1812eedd58c5610e96024f8dd707527999a816023948be7cc4d66ccaeea6b22cbcba34840dcb073a7caca29ed890493ea31c2ee2824d5acde74208940288e4ecabd555d8d70b89cb0bbdd2a0cc2e5f7c2e97091f55086ca51b87f292fb5ff08c84e0b46e75208284627e72a45c47498189fc2a37ffd57c84d9f55b9bb246d8b486109e990108d9e660ffa9b1b54ed44997cb8fdf577c2dbf0c3b9d0858115c9d4ca563bfc6dad17ded5ec7230adb8c3325b699b33738bf8c217be82917323f0f2afb9ccae4962b94c2aa3aaf34a6595cefe1e940804e15008a1f0824a0a37bf344f06d6049bd5c9115856be2d59ff5692029df237431802598acadb44c620451336580db049e439079fdea4c368b68a9148062d947d37f637c049d925994025664ab288ca5a43f19f495107092e35933d392c060efe20fefae019fcfa1baec5faee26b66542d8e847b66d0d01c48bfffd677f094f761437efed85df45193698c0171e1b46ba58868b4ceaf59b9a31d06241309123ab33e14ffef91134f97c2abfbb84663cfe579fc63a63944c49fa63c1df7e7f08534b49dc7e75370eecd9086f0bc18a006f717bc4d986a55367b0307e1eefffdcd3d856b5a0afb701aef5cd70792bf8fbe726706c22acfc5d22e5e4069505c80fec6c409512d6b3fb3efce1fff94b4a65822d412b38bf88c4e37f47c6d684bbfeeb2731b07a3d1e7efe190564cb6d66741c7f72f30d0891057fe6b1c7e16f6c50ef6bf7fccaec52b6a931aa9fc03ada9a39b0ba14a30a0782989a9cc4fcec1c2547922064c19a4d1bc8107294324b644a01e53f8a47c268f437c161772b89968a46b94f56819a643690b257c94c926c2b4789221e24a09fecc66d319235e921e5d625025d2ac7dcb3b605bbdbbd8a49088b12df9089e02479aacc66ab7a2eeb00453a8af493f0821dabdab1bdb3199f7bea34c1b40a2ba5639f398f96e079e883b378dd8dd7623c58c6e2520a5288e1753b7cf89bff722d3e79ff1afcc19b0670dd3aa7f265253306acbbe63a34901d5524791e8139160cc3149921581ad9ae1127a72238333a8f065b0dbb36f550f639c82e6db0389c30b97c309355799a1a08a235ecdeb80a5952b64a5a4a8199e124485eb5be8900251e329d62a302da6b9a1d58d7a64796d275d3ceab08e6651ebf5007755ef76d9b37a18bbf1301b67bdefa00db61433f622f3df63d14f8bd96b5ebe125686a76f99806543f81c982d79d576d8691d2c54756b16eed3a6c5cbf1e6bd7ac86cfebc1c8d020a55e0491704449c5c0921409b5c14810c917248b6516e9748caf4dc8ca543a9983283d71f0c87a3d0b81acd90cb4d98d2aadaed5ac53fe1fa908280ef306073f778b4fa85e0a4ba2aecd6673fd911254c93fbeaffc54041df14b4939d177ecdbcce3a6f085e706e1b23960b7da30d0e8c05a5d04b73496f1f1b7dd41d667c4c8600ac978590d7aaf454780d2612694c744208bb8de8ff77df423caa75564df25f072e1e873e8633b6e8274309ec33f3f710a8d0e0bde7fd72e4a605933c8fe7093c04abddd051dc1cad9daaad8de5b5eb71d71b232a7646e2812984a06dcb0ae01fb36b4f3e694dbb3061bd9e49b77355266bb91d235e0d637dc894a3e8faa001599aa2e34072b59a18d28b7baab0b076ebd49fd9e969b00dad1af7c19699ed3db3ef8013539a1d9e5635a3eaa65f61f695356fe4be6ce85854595d73b4e004867d2888743942379c4c9980c3aca22bee7f17861b73bd4e0f0713085c960c41f25be2899a553a982cb458212073407a6491884cb00b75962a30ccae722bc48caa9db5cf552ec127e20e0248b7beb9b4d8538089b92f4c226d987c027fe2823c72449191a3c76eceaefc0375e1cc478348b1d6bfb48d35db07b1be0f1bab1a6cd8f5bf76cc596addbe0f475516eba50d1fb90a838903334a077d355f8f90fff826279b53c99572a04c3c2793424a795bf6c2e94c4df7de724af77116fbd650bd6f635ab30039b937da34436b9fdd0d93dd059ed6cbb86fcf828fc3e230e0d47608a67d0b77b2762f120da5a2dd8b1ae0d1b7b1ab1bec58e376df3c261ace2d4540eb7bdebc3d8ba7d8b4a932311f3c54414fac9214acb363593796e31867bdefd6eb5d670f9effddcd1e338f8379f817bdd46bcef139ff821a0d2eef995d9a56c53fbb3f2139a38abafbffe1af4afea573350e1a5050c0f0f616a661606b2874434061b659ecd6c87c3e644a65052a97d43a105a4b32938c96844da14cb0595574a9894e4811296b19eaa459cdf56934829093bb80058fc75c92c9fe44c171f947a14262540457664b6d861e6a389af8df248d052453ff5f5bc54154ab7f5ddadf8e403b7e09943a7f12bfff721440b3538dc1e589bda61691f80ada5130d0d4d58d3d3853d5b37e18d77de82fff2beb7e20f7eede7f0ebefbb171bda5ce83466d08328ba75490cf82ce85fb71e918a059f7be8451517f5e1b7edc7de6dbd3028692a611264753c075544c26445cdc4736fec84bbad1d85c579ecbf6907e67279c4c6ce63c75d6f463e95e3b91631d064c62a3faf6d22899726cad035acc74d77dda626228abc86e5f00c4a4f7f13dd045ff1e0eb7565bc9320e5f831b2efd0d71ee2b5aee08d1ffca0ea8f669797698c6a99fd47dbb41290ec4e875acd6fa50c0407a6d56ee7673934b634a3542c2a8770229582dfeda6842a229508abd89f1ce59f4c97e7285f843149b4b9833bf7d8f5e872dbd50c9a99e0548f7be201ab64717cee603bf5dce3fabad423e0491c930094d4f733515e8a9f4afc53523d59ed4bb92343d340162851e3cd0d5edcbd672326a603f8f32f7f97722d8176896f6a6a86c14669e620eb717a9544d3116c7502aa3c9650330328b5c487264e6ecaca99d1693cf8f7dfc2df7ce5093435fbf05fde7e23b6ad6e533379722c9915b538ed3051f2199c6c8bed0950491e291d596579f005acbde36e3cf1f44914c727b179ff55d87befdbe0f4b7c2e86846d9d80493a30bd75cb3176f7de05ed8787c7321016b2e0667b580e63503d00bf81573d01388fcdb76c360af07715efcbd9f78fa593cf6a9ff0957df001ef8d8c7d5755a6eda3dbf32bb946d6a40b5cc7e92367d3e8f4a48978a25e024a35153e6e5b2ca2315cfa655b59696e6564869ac70903231bcc46f11756892e84d16325bcd04995a09ab5d26f4f9ec6a61b1b029012a71c48be45340c5e7764a28053e7cae249f4d58945d312a8baa2a43903249f60249b322b15816250165f59dae269bc41fd5c8e8acb865f77af4fbfc78f0b183f8c223dfc7f8e03978cd500b7b796b1088ea65b48836a8f27985e0542cd7904d673075fc0cbefca9bfc367bef0751c9a5dc481ad03f8f82fde85befe4ec59c24fd8cc4524924bc303e23fb683012f08c56e8f81e11163a8f0fa593cfc2ee7363e39bde87effdf3d7313f388a7d6f7c3d3a566f434fef6a6cdab205575f730dd66dde0cb7df4f766a567169569eaf51015499bf0c823e815fa607759daba1e7b1c4e47734373e814fbfeb1dfca08a8f3df8951f1b96a0ddf32bb34bd9a6169eb0cc7ed2362534e1e489b3183c3988c9e9592c2d2e29801247b3d3e140a9904536154334b4846436a9b25c4a1dbb2499979903b7d5ebc01a531ead368bca7a6011e642c624f824714ac2bc0ab922b904fbd8da4cf090d4255001a756b214a99c2c5945cde29b1270125f17c1827006bd4cd1535aeac938749499865a91b2aac22684910963030a9216793680e7876770646216558264b3df8d26b7032ee90fd99d8ecd54f245a4732504964208a6d2b05bf5d8bbaa1db75fb7119bb6ada374ec25005950e6b966a22105683a0955af90151acc2abd8dcdeb2190985023e0d45c0dbc4679149f7810a63d77e3c1ef9cc257fffc7f63cf355bf1ab9ffd53b8da3ad96fdec804740969c085b82d2996010903c96650cba4509554cb85427d09cfde3b616aa883d1f8d030feea173f84b1d3c7f196dffe1ddcf1bef7a9f77fd4b47b7e657629dbd418d532fb49db94a52a2d2d8d686e6982c7e54655c20d325982941d39cabe220754944c2a9d4bc3486e234caac08167a71cb213c822c938f6ad5f85469ba4109605c6060298644190ca2e75d012cc9214270e0fa59fbc474625124666134d0429917c4609f414266590c8f4ba6f4ad2c0884ce3df240246997d2ba9d8a72ac1b548c92a20552c14e136d4b0a9d989bd1d8de8e6bed5580ab190d4cf0b22b81044682988782c4ab04aa1db6bc19d1b3af0f6fd5b70d3be6de8dabc09d6be0dd0bb7d9461e20faba024130b52303492205819e1247bb237b6c1d8da095dd76aa075003ab71f4657a36260a513cf62cde60154ec3e3cfae473387ff818365fb513aee67625212f7a53752a9ca308a2204020ac72ab64b3aa76a09eac54dfbb013aab0363478ee2b3ef7f2fc28179ec7def0770ef873ec47ec855fcd7a6ddf32bb34bd9a6c6a896d92bd1a6d4ba938abe875f38826f7ffb7b989b99a52c0cf2179252124c470052fe248b85e32c8505ca41a9c5b7b9b30d3f77dd160ebc3419141984c407913d28f64580ca176469481a9e965698848d107c2c76322961543617db732a9f95009499d2ca286978b98fa1c2efcbe0169f589e039b60a9ab7040939219f5b24e4f16349b0876fc8e30127188498c12cf43662f2562bc5a95358250c775f83db04b0c94bf09265f230c2e0fef4cca389173fc6aad9046251a44607808a3678728d31c704b443af7733734c3d1dc42c6d3005d630be06f478d6cb05620608e9d44fa7b0f221b8ee099730bf8f4f7cea0dbefc507dff376bceebffe6a1d6ccb64683c0708934ac55123c057520954c85c6b645830db91dd710b5e7af0ab18faced771626a096ffcdddfc78df7ddfb43b37c3f6ada3dbf32bb946d6a40b5cc5ee9367fe7b7ff18cf3df7121a28a342e1809a010b85e751e240cb538a1544ae70bf02414998cf5d3b36e08ef59d9435640c0216023002587c5ecc1611a7ecaa12e05c56034183602720e5f4a8a29b16ab4ba59bb9b87cc644a9254e749db8c30804550255359f568fd4a2ca216e92d82c09d2942ca5769b727a5b5d043f02a08992cf60661b04193dc1867a147a83301b9d0249651cfce250574b70e44caa04580272253487c1679ec7c2d43cac8e7ac4bcc46c3928555d6ccf410968753960f4fba1f7b74027519ed246b182e2c23832834770ecc593f8bfdf1bc652328f6d3d1db8e7dd6fc7c6bd7bd0dcddceebc8e3f338b55412956402f9680cf15014c1680acfbd7014b3b33330b60fe0ae0f7f049b76efaaf7f5df31ed9e5f995dca36b50c9fcbec956c33954ae34d6f7c2f59531e7e0e4a497c27959427c64e736073dc53ae15082012852e65a624c441b6b7efdd825bd775291654a53c947ceb12d4984f1790dd701dacfe56cc3ef71d34ebd2b03534c2e6f1c2ecf090a509abbae048574025b28f1b7fbb229564d16e856c4498554558158f2bae2eb3be4a466656fe2e8b43989e5139e6d5cc18bf6c723a61949946ca299d8095c94cad2b4ef60be1067c2eebf5c4935dab1000098685a539bcf0cd27281513309af58acdc8cca62cef91a53e36b23771d83bed16385c56058c662fc16add4e183ad62920ad46e6903ef61c9efb876fe2ff3e7e12e36cdf4b297d557f17f66edf8cee0e4a4282703291c22401ea6c2084a3e786b18a8ced97fff88fd1b76d0ba53859db0a4cbbe7576697b24d0da896d92bd9e6f1e367f0918f7c8203d30eafd3467997c7fcdc3866a7cf92a9d851224b92d2e8054a16154fc5415e238239cc26bcfdda6dd8bfaa0d06012f02962c558965abf0de783fce0e9dc7d2a923586349a905be0e7f2399155995c83ff1537153295f0820b22059c50908e8f1f8d55c862045a0a2d41427bb5e4f56453032134ccc040f598a2351e416abcc18ea7e20977404183dd9955ea2cb5584398f2351e60446095bd0493429c15727f572f239a4034b38f2e4f3082c456020fb11d6289c4ba4afcadc406669e1fbb204c82e91f726035c5e377caf7b13acfd1be4ae9483b2efec77228ed4e93338f5e893387cf038ce4c2d60a954867836c477257d76931176799cd8d3d58a1d37df82a60f7e981f1ab4fb730576b9b4a901d5327b25db7ce4e1c7f087ffe3d3947db2becf4af595c7d4e41016e6ce13a8f89a8051165f11594f810c427256caba3635a839a03fb07f070e9059e909340256b962198b061f266662084d9ec7ae354d0a501c042b9bdb47e07090a53954788259d6f8b10d59b3a7a41f1959850022b363a55c4a311694250fba44ad5720e5d8a5bc94a42d96982cf15bd57359c9641b8192fd92fc5b7c13261ed3ccf31127be858f26029641be2b3e2a390b89150b473036348689d1491ea68472b5a224acf8b92ca4710252929646f2b11bd8410bdbf7fa5c58f5815f86b5b585205a679752024ca4a5ce68e723995c2e8fc2c428d2478ea2343fc7b6f328733f834564ab938f26e45bfae0baff3dbcb375dafdb902bb5cdad4aad02cb357aa4dc1fee70f1ec1e12327d0d2dca6b2489628f3648172890021514de22c9741264ee24a85d28c7f2ea40e9d0095fce538371744a5aa437f8b5f0189cc5849ca974a328856af55155e20e55069862513822ca91106242c43e58f52fde040572041b011305432b2c076c954f84f7d2e710efcc9afa8382de587e2ffba242da94a3899540ad17812897416e96c56ad5794887a99bd946a3815d9a45db2c302013193cda9f00c29976524b099c8c6543563e9b1048b0a619263cbec6832ada2f2bbf7ed8767c36635790032bf1a6ff66a2c8a6a38441918422d1151e5ae0c1e0f6ceb37c0b56d1b5c1bd7c3bb6615dcdd6db0b99d2aad4db1a913a6feb5ea58dafdf9f276b9b4a901d5327ba5da94d9baa79e7a01e728d39a9a5ae0f74bbc5006e1e002998b0db240365fcc105c0c4afa09b0a92c07822e4409499627f9968616c3c8156ae86df62bc924c5343d1c90361bd98502932a4187035f1894b10e540252dc95463410f4e3e7e28caf92bdc9121d99c1ab48097a02866cb29f022da14fdc241c4247d9276bf1448249347d381cc7dc5214894c46019024d613e92aa0236dc96399acaf44e626b39e8502f729b35fa450b270dbeab0c1eeb2c3e171a8582a2781bba9b919bd5b3660f35dafc7aa37dc03f7da8d3c257640ae4726850a412a1f0e2217e635e0632916a983553a015d96ac50fc6d858c0a5790c5c932f92035164bbdeb616aa967f5d4eecf97b7cba54db93d357b854d22bff3f902a5984dcd8849f64b15c343e0f0f99a60b33b95a4121c916c9846897722c80858990d66c5b284e788e47a6c70149ffece218c06132849a802f797fda4b08164cf2ce429b5524914c87484b5891c2a09bb21e3111091621015b50983e3a6604962b208366cbfcc3e94d56b3e67fb45b62f3c4bd62bdabd2ef83b5ad0d8da88a9a9258463396479bc5c368fac6c991c729493d94c566d990baf05cce4ce92b57e169ebb55b2797adcf03535a2b5a713abb66cc2da6b77a36bcfb5700cac83dee955d2b246a92732b59a23234b259026484516e6119c9d41787e1eb1c525a443011463619463649cd1304af1b0f2bbc9b9e76bbc2e6ddd3c1bcdae34d380ea55302134e26f123f8f808d448bcba25cc125bfbf91acc807a3d9a29897fc0624a25ad6e6c9378b9481927fc96ab6aa7259b2be6f2418c5ff7cf4797ce5c5731859886281326c319ac2e9f910fefed830be7a7810a1281988022bb20a320c614265025699ed49ea64f22a6e323f5767500246151ea7c8cf4482121e146095846909332350d9c8045b376ec1e65b6fc2dd775f87643c85785a7c563acabc8a02c93c41254f7092bfa2b2158a4582225b27d80ad333aa45d3f5f007291de66f6a82afab038eb676185d1e757e3c61258525025d6628ab04db2259553c14c2e2cc2cb705849782aa2c99c8d03c81b99849a3c463ab582f6171fcc370642a883fff3f5f20d6c999687625990654af82e9a8bd944f862025ec46aac1881f4696b648947943430b7cee46f5b954f415a956aed5a5942c24f638fdfcc5e8912f64397e091c9460390ee6c74766f0e9a74fe04f9f3c813f7fee34be787c1443645a47e742f8fa91b3482404ac38808b390556b2f8b92c8e74b2376153f57f0428fed62b3ca67ace4db12a828b30b6923c6787d4a2613222012da3cb854d37ecc1036fb911f381309e1f5e40324370ca905da5f2c82433c8a5c982648280205323e048f8834c068aefccc476242cc16eb7aad25512faa0c21cc8ea8441e94a940af23df6bbc6c73a5065115b8a606a7812a1f9802a262af252b05dc94f6e157e5772a61728ab73d912be756c105ffaca83981a9bbef09bd0ec4a310da85e1593a52fe23c26c0103884c3d4d7d6591108ccc3ef6be42612d0a1f6265ec144c0b29aed7051069529db4a64422217a50c7c7f733b5c1ce862b2f42655282195175957e591a430550d27174378e2d40812c938721ce432cb28b38925012b02955a24cc03d5a18a072450556553204519c8270aa8f828c728c84c23d9593611433e1ee5b7808eb57df88577de8c568f058f9f9dc7c908301a2862762e8ac0cc12620b21a40211e4e231943219540b92d1a00003db370978f31a48e6519d38c4c4afc43ed67229d432313e26c083a19a8953f62511633b8542051b766ec3c61d5bd0d2d602a753166493ed09d0f27cc4bf270cae4046172be9305ba8aa52f8479f3f5167ab9a5d31a639d397d92bd5a6f8918e1c3d8db1f3e3c872b04b89f732a5499c837e666612ab0636708051b69011c8fa3f0947d0e90d68f437931165d48c1af14339dba5d28ad36285d7e6404e98920227fe85d1d767eac4e1adc08a726c229a80955f6cf7b9ea3e318e68e534e7772ece008ae413c0528f7cffe26b7e5d6dcad8b60a6de053f99e3033e590e7f70d360b5677fad0c6c7d3a1126c1b7621e36e41a86846309846703680a402aba49ad12b67c984c8866ae2b72a55612043d4536eead8664dae3781bc2acef3441ce56804194abc532f1c437c2e8d6b3ff43e74ecbc1afeb66638ac046a9dc47eb15fec930091ac5794253e22fb2a1baec3d36709d4811836aed988be75fdf0ff4871877fcbb47b7e657629dbd496d02cb357aa4d298ef9f75ffc06befbed2710492470dd75fb914fc5313d358999e911f4f4ae53cb49662647108a0610236371b93c289129a5c928044664864f684f91aca84fd2c4707006635124791354c87af412144953e0c21f755e05553cf49e2dabb16da00b76321009e4bc38a32801a6a29d245c41e29ad851825559d0481a81916cc52425b12c46d81d5615ff6573d8546c9504694ae8825a702c2c2695233b4ce3c4621195f6d568eaed57b15822f9aaf91c2a99a4ca6e20406420b33254288129f18c3c9e91e76791d82d9ea34c1c48c566bdc389aade8c27bffe1856afedc77d9ff805d83afa086664a4d12594424bc847c328e6726ad1b72a405a28a224a110f66634bee3bfe281bbef86a96cc01d77dd83bdb7edc39af50372895ed6b47b7e657629dbd4b2272cb357aa4d61288343e358985b429432a8adb18552aaa0069648b3047f395d3dfd644f6412021a92908560228b8fcd46a91ae3500c46be63279b6af5375286914d9529f7082ee2fc56e4e7020312362540241ca8c8cfcf2d45d0e614162659d685551188d44690529b3c97b7e4f98536d4bf7a8375c823a6c93ff64381821cbb5ce573c228fb297d309bf4e8f3db60888571f8d410bced94a8be06789b9ae1ede882af6f159ad6ae47d3a66d68dcb2134ddb76c17ff5b5f05f733d7c57ef876bd73e78aed907d7ce7d706cbc0a23e7a6d19d8fe1bedfff2fb0b4759281f11a530e229340858027a5b15400a93c928d8acc93cd76ddfd18218bfbde57bf86ed5b77c2dfdea2522bb777b5a9f37839d3eef995d9a56c5303aa65f64ab5294030343c81c58500d2e9a49ad9f2fbfc4853de6495b33b8385c539341080248327c7bc8ab372382ce86aed4283c70b07a5952c31714ac239922b29522aed96cbff025417c14ac0461cf24a42f29fcc34ce44536892f5745629625adf47a047c050daa9cb3e1a9fcb33f9fc2240d59fc97e751f968436540950329b57256889835f5587e1f33c9fbbec066c6cb22339358e170e1dc699f3a304d42adc1e17dc5e8f5a842ce981a5f8a8c7eb878bef39798e36971b46bb13b9540643fffc08d6e4e6b0ff57de03436333489d502340c956a1342cf1ba099b9200d422c12ac7e7b95c118681dd4876acc2e7fedb1fa2b9b90d0d6dedd09b80fe557d686e5bd95a3fed9e5f995dca3635e9b7cc5ea93685717cfbbbcfe1c9279ec3f8d8282591191bd76fc6dcec04228145b2ac800a1f1030e868ebe0c0d72b40cb502ef938a8251755ad5c44be985519148c9449f1585c150b4d70d08ab3fb0294f068f5925202542a8d0cdf91982829dae9a45c7bf3f63518686f56f14cb25859024725a054f65308291b0148aa1dcb9b326329194525b382647b304a6e2c3e8a249447e5cce6712433839ca7805689524c80cc6134c1eff1e1ec58085f7ce11486c23195d9b3bba7077d033de8edeb41a39f406577a0902f61717a16f323c3f090917de84dd7a3e5e6bda839dd00d9632d47c9276b13331994785d241c219f96d9c50cf232e398cd23527520b3f97a3cf4c5afc263b2a1736000695e23f1cbddf7cefb31b06e959ce5cb9a76cfafcc2e659b1a502db357b2cd170f9fc6835ff91662e110020bf3e8eb5bada6ebe76626914e4690e6e093d938899f92d9308fb791e06041438357057026a221624819268254862026b35b290ed6b4c81d152754673c0256327b27d3b7024206cac0323f904dfc575e8b0577acefc5da8e2682958d6043864516570735117bd2487d53aff999b425cb76c4672539aa4ce2bb92582f82d5c5a47d17172c0be5129627802a2c4a20d06375a291e703871371830dd3a1344646a7b0140ca97a8756825ab3d7872ddb3663e38e0de8ecf0b25f15802c52a4a6449cf34fadca3355ca13a8242d4e3a4d904a71cb239bca229cabe19b636458f606f413ec9d6e07e6970204f7a25ad8fd9e8f7c10ad5d2bab86acddf32bb34bd9a60654cbec956c736676117ff3f70f21194b63e8f471b828733c6e0fd2a918c14be28228672a258294c417911910b824d0d3a437288624f9a4643d5f219f429eec2257282249002b11103205a9ac4c80ba00540248c2905459ad0bef15d8465dda01769319af5bdb854d5d645616290021e0288e6c615704a70b4cacee9f1776a6231011acd81789b21046a7b2869aea8fe25417c9aa96ecf09faaee2c8025b3700258e51acc35822f41b8c9df8086ae4eb8ba3a60f6f9a097e21146c9c9ce5e4adc5524005d390da3a479b1d4971749d06785acaa9ccfa2286b0b2fb0a96c8a409dce21942ce0f1d11452e646fece5c2a7035114ba888ff743285b56bfaf19b7ff43b8ab5aec4b47b7e657629dbd47c54cbec956cd3e572606e3e806824a6d45594e024335cb2864e0215054024564a4c2a1c3b1d1ed86d4e55a04152c3489ef262298fa238d1096832e8642d9d7cb1c0d7aa018109828a3c13c81096249ba00ed59c7a5fb652b582f148123502499bcb2e1ff30302857ca85ed59f4b60a9bc566f5f78bc085ef507feacffaffbb8e4b99c9cea03b77a23fcaca61cff19826b3491c4d2fc0202a323080f0f227aee2c9243a791e0969b1f634753303878dd291b65265240aa2ce74c909200d23ca55f9e00250b9d9304a948a68c2f1e9ac06327ce201e5de2f58df0baf07b647391784c49e807def500d66dd9a8dd9f2bb0cba5cd0bfc5db357da846d5cbfef6a385c4e343436c04e1924590b64b989925e946936337fa11cd4b96c520112479b6238b59aacd5cb935d48fc524545624bdc9014181500916a32027a8231021a17ad0e3cea6df54398910a72e07301abe7a696f0ad33e308c428250922528e5dc04fcde689c39c9823ec4439caf93dc592f86689524d16194b823fa98d57263094080cf21edf52e112d211b55e51c9454a45b236bdd9800ad9570e15c4799c40268b25b2c28048589450a1d4ab39ec2a0a5ece531514e5752812a46439505ed60f52f2a50852f154064bc922ceeb3ad1bc611f766cd801bfbf558560888c9e0fcc21160f63eba60dd87fdbbfae94acd9e56d1a50bd8ad6d5d98a030776c340e9e56b68e23b35b584447250e974947926bd8a3c17d692cb4451c826502aa4386065662b8b2c194591b24ad60adaacfc9e91039f802266e67b2aa853d9c547b13abbf9819c13b01260132c21089d5e0ae34b478730158c2b2778910ce6225849e8438da024cc4839caf92820c4b709483a0558450294940713d092b0851fcc00b26de98e72c6930d9ab849e6509bdd049bc30cab838f4e0b6c2e2b1c7e079c4d5ed8fc32ebe75039a704a884459578ce05b2a89c80592a854c2a8b388175319ac1a32371042b76343635a37ffd26a4f30504c22124934934fa9ab169ed06ac5abb1656950247b32bc934e9b7cc5ee9360524d6af5ba572384d4e4e23cbc127ebf0a4528cc1605220a1aa234bbe26a3590d76212732f0f9a0188a047ecae01790cb491476816c8bfb39ac3655bc54f6934fe52f8eb02c550350408a0fca61aed0433efb17f0929082c1c5309264778d9286d840e1288e2e9a1c59da14bd5a977d7c2a1fa93ef1c985f794d577544fd949751ce58c17b0629b2a1f1559955477b6d92d643f7638a40497cfabaae9581c0e3230c9e44956562eab05d522f7b2bc5ee28f9205c8c94406638b317ce9d03816725578dd7e32299f9c10765fb31b2dcd2dcaf7572c65b166dd5afce26f7c54652915d3eecf97b7cba54d8d51bdca2621010fbcf92edcf7963be1e1e08c46c3640821b2a534ac3607d9868b6c86cca654a83baf1530892f4b06fe05702108887413f622b14cb2d097b8b10c33f88cfb898fc9c8812f0e6f9b54a3e1b1eb55980960fc5c0acc18790c695b78d9f185103effe2204ecf05902d487a18322b6e2a111ed992c83ec5988439296625acabcea6c4612ef24fbdafe49fc462091092bdf11c54e1510294d54a8072d9e174bbe0e2f93bbd3ed8dc6e559c42a797d25afc2e8f29f15122f732e90c3249021459543296c1b1f120fee7a3a730154d211d0962767c089190cc88024f3ff7341e7bfc5b3876e43914d3495e3f13b2e96cfd9268764599968a7899bdda6d4ecfcce389c7bf8fef3ffe3d841797d45f099163e27f1200915000f163494c53998f92aa581615176520f35152aa64c83824a4a150a6641310214889235d189395c0e494d255641b4282ea09fa4a8a11c971045084ad8909a8c953c9652efbb67b5db8aabb15ab5b1b54ba602148aa14bc6248c2ec78141e43b125f59ecc004a9febafd58ca084300838aa476efc5cc55f91314ada64c9a0a0e2b9148314f95b77bc8b6f4a0a5d28a0122695482344607ae4e8389e1e9de7fe56f809721ea787c73510f83c68efe85640172668b534f870e75d7762cbbeab553a998ba6dd9f2f6f974b9bdaa2e465f66ab7e9e560dbb1632b6ebce9069c1b398fd05240818900814cf1e77219b58e2e4f4997171924ce6e02925a544c94c917728a5d09c0e4c97ac4047664c04b58834752a8506e59c8aa043c1402f1b38b60c3a7eab9b421cb6de47b55c5828054be88c1a53026c209d84c6638d88ef8b56421b2809c6c17104f1d5f019e6cb47a1fe4591d3095535de2ad54a0a8302b0bcc929298d74c52dda885c5dcbfa21cf31700389d463a9e422c96c0f9b930bef0cc593c35365ff795f11a08e392653c269e9b4d0a4c90ad0900b677b4a2bda7073d6bfa6173da14000a2b15d3eecf97b7cba54d0da896d94fab4d1b65cf860deb303935856858d299e40411d400578b74b9a90872f59a60c2c12ac025035b4a4ee539b8d55218b6253023c0d428b5f2080a2a3e8adfe3c7645c6467024e17de93aa34c2b6f85f81933c8a3494e70a84b8738ac73917082396296075834b81a41c5f2dbbb9b049db0252842ef55cf04ac9be7a87547bf5c0506e048e3ad3aa332c1e4eb52132535207e7b239a412092422312c852278e4f028fef6f973988967d4f9d8848599a4fab3812cb342c99c53210829cac36c9a5b960c8c7271646814536313985b98437b6787fafd68f7e7cbdbe5d2a60654cbeca7d9a6d7ebc1e66d5b3035bf803807a8483cb5e8989b144d90847bc2a644f229a73b198d24d51314c8e4738a190968f9ec4e347a3cca2724a0a0bbe0bfb23b9d70797c28285023080ad3215828b621e8c5ad1efb24f2ef82a4937da473049d3c19dcd53ded04922cd99c24f52328f11b6c4a019772f80b4009db93cf04cc043a2f20976260b4ba43be0e624a7e92414ad2bb7c2e8f74328d44348aa5401447cfcfe21f0e0ee3d9f100f723f84a651b415239aa7497e72b002ec02cfeb05c214bc04aa8b2f1c978143687151ddd9dd8b16b273a3bbb787a94c2dafdf9b276b9b4a9f9a896d9a5685366b8fee9cb0fe1ab5f7c50d5c493cc9c022e92425806be926a840f0131c9b420d2876ff017273ff89f9bf2f770500b0814b20538dd6efce5fffb1c3a3a3a914e2571faf8094ccf4c2b462653fbad1ded082e2ee13bdffa368e1e7989835e0aa112b60460080cb256b0ca763f76eb7e94931125cfe4b5d4ef9302a73253273e2b01bd1f3027f6539602897f4ad6094a3c95a47d11c091500acb85ba81126325cb6464862fc7be2e4453f8ca0be771723eac30aefefd7a7b82530a608509f251de9363c93fc14489395bbb7e3d7ee9377e438525a8d00fee73d1b4fbf3e5ed72695303aa657629db1c393f8a47befe300e3efd2cd2d118c1422ab948651709fa94182519fc04068e5e792e0352e490fcf2c4d92e035fc21e6ebbf34e7cf8573e8a868606d5eebfd74ff9d547283d47474671f6cc192c2d2e92a144904826114d2670cbda01c44e3d4f8996256392742ff59947494fcccef0bf59c58849c92e62cb05c01227fbbf0097f451faadd60d1aa4ef129355453491c6b1f1453c7f7e114902a89286fccec58900b5705ac051fec91bf21eff096ccb5fe18d9b36e38e7beec6edf7dca3f265fd38d3eecf97b7cba54d0da896d96ba1cd4422897ff8872fe16b5ffc47c4a44c1441e82248c98895412bb377b2ae4e95bde2a314dedcb66b177ee3b73e81bebebe0badd5ed27eda7dc16e950085ffdf847904944a9c004a4c44f26b391f51c5525e907f7d59165890c15b0d1e9447a969524147129cc4b2d96963831824f365bc6e8521247e6179165ff0d3c4e7d46b1ee3f532758a74b0a84f5f2399f582c165562ebda7dfbf1e677be03abc9a496b3a71f673febf7d24aec72695303aa65f65a6a5374fed4c42466a6a610585c4038145411d8e2df118625f9c35bda5ad1d1db8dbe815568e6201640fb51fbcff453e29bbef2b15f466c61964025a95c8a6a064e25d323105df455492c55b9a243b1aac7db3ff96770399dc89391256304380290c96286c3e383b3a111768f1726ab4df9ddc4891e8fc9fabcb4f24149ce2d795f405844a8c484495883cbe5a2646de2f9b6d57d71e2675b8169f7d2cbdbe5d2a60654cb4c6bf3874d58d1c37ff00904c68705b50852044932aa2a65a972a2abbd7475277bb98a3c4cf8d57ffca60a1710d3aee7ca4c6bf3e5eddfe7ce9afdcc9bcde120b3a1ac533ea98ba1067c3498548c94ac43b498a56e9f5de558af0b36cd347b654dcb47b5ccb4367fd884357df393ff0d93a74fa256caa322d91cc8aa245c41e19138bcf5e2d837aa10821261eade4ffe159a3bebd58ab5ebb932d3da7c79d3189566ffae89efc86032a8d0048928afb3aa3a9b5251f0b23cc62235094db09b8d6af9cb8f781334d3ec3f6d1a5069f6af4c66f4bef7f893f8dca73f8dd0e2bc502b7145a9d939b5c64fc04ae2a32c042a01293edaf828a5badef78ef7e2977ee1e3383f3271a135cd34fbcf9b06549afd2bfbcb3ffb1cde7cdf3bf0577ff229cc4c4ea8805029372f119892b9414225a4f083a46f1190b20a58592d7058cc7092813dfbc441fcf6473f894c2677a1c52bd354d8880a7aad07a46af6ea9906549afd90896c3b737291cf3c8867f20846634849a92a99f11366c53ba60e5475b0924c9e16ab0055fdd167d1c3c2313b37b9803ff8b5bf413eb7b2bce5af359319ce85a9b3183df30cce1cfc328e3ff7555e9baa5a082d6b35ed76bbca0421d1f62a4920c1dac6d74ea74c3e48397fcd5e49d3804ab31f326106abd6ec44efaa5b513536222c79a05259482d3d055422ff24ca5c66ff0856b244c6422625d24f06abcba65765db75a860e45404478fcc5d68f9f2b13c81f98b7ffaf304aa73e8dfb01b1bf7dc8df3e74eab49049da456ce6555ac9759e2bc2c56324aa9266da71496848892d6c674a125cd5e29d3804ab31f3209e244c5868ec67558bde99d883bf72192d5a945c49206592d6311073b5983e49552c9f108549276584ac17b9d66142a1918c9ccccfa0a8ebd94403a2955732e0f93c5e00ffded1f60efdd3f8fb53b6e4260711a91a57164e351e4f305b5f6d0edf5c2eea8af2b946903615ad54a4981b92c67aa2ff6d626145e49d3804ab31fb26ca68844a20a97b311ad4dabe11bb80bb9de5f40b4e247b120ac4af267e96030c9a263ca1e829459d894d5acfc541ebb09c55a9603ba825a354b7a62c1b7be36cb415ccff5fe5ab789c163e8ea590f9bb305994c0aadaddd187cfe7b58b7fd7a581c36153726202491f9c57251e508cb17f2907cf3b2a05aea26ca9a47a975783149a166ff79d3804a33b2a82a0e3d77108367cf616e268650280d3b258dcbee434f731bbcbed52812acc2d6ab2979ea33802ae5b1f8aa948fc6423665513e2b3b01ac5c23f3a0442a1773b22b7279074e1c0dffa75986c8526943a598917ff2b8fc39f759fe9ec3e9503e23bb839bddae1633ab4c133fe2f896fd253385e4b33ffaf83fc1ed6b56cb939a9b3b303b7414e96219dbf7ddc9e3caf1e50bf5ef19f592cdd4041d2f492e5d422c984274298d74a88854ac80443087e84c1a0ba76388f37dcd7e72d380ea67d804a042c110befa4f5fc6435f7d087ff4dfff3f7cf24ffe0a8b0b63a89473b052ce49cdc126bf176b07d6c1d2733f52ceebc8260ceac6a9c754d523d62583826cc4290e68a9f06c8691a0a637d5d0e0b3617ccc80ef7ffb24464f1e472a11e780e7e8fe374c80231a092bf0b3d96d2a7d8b9d8023a5c7a4cfb2552a755623991884bd144b6555564ca56c2ee629d3b22af384bc9694ce8a09123cc59f66679bc20085f908a0a9447ca9a40abf905a816d7daba5175898398de1b3cfe3967b7f4ef9a2f43c66b950412e55447c3185a5912816cfc4111c2c207cae84f9e3058c3f15c1f16f0571eaef1670e4f33378eef3e7f1d4178ee099878fa97e6bf6939956856699fd2cb52983e685670fe2d0b3cf53ea2560a164f1b89d589a1bc76c3008ab99d2afa5930061bb90b2452a2b933d356f86ce6085b334c97ed4033fa580856ce5721933f34b3838be84164f2ffcf656545d767ce1c14f231689a1a1633ddcfa30228129c46251028f4739a0c596f7331e8b63627c0a9d5d9d0a04eb295f24c18b187fca7fb2a28b9bf2991164ea9b6412657f2e2cef518f7c2defa924312a43035482c21ac1cb66b7529616d4226ff9e8d1af7d09fb6e7b13828109a432496cbbe62e94f3262c8e05317d661173e71204a70c72933a944266e41781e84406b3a71631727414c70f9fc48b479ec333c79fc173c79fc6c1534fe3d0d0f3e8dbde8e5d7bb7ab33f851d3eecf97376d51f232fb59693348207afc3bdf457031a896c9a8c5c67c241690319470e4f8108ae5f5d8b4fa5678fc2e828589406644389684c96685db69863f77102df9e7e0b4e9d58d29b22f97c9e1d9974ee14f9e3c8d1d9d07d0e65b8bb16a1ac74f3c464031e2da7d6fc52fffdcad583320994a752a3ecbeef6a1a1b54365471093cc102f1c7c0136a71b6d1ded68f413cc282fe526258efcc07ee8a6fd374cf6ff71dfbbf89e648190126652c422190be3e813dfc0e0d16fe26dbff4111c7afc19acd9fa4ec4a66bc8c6788d0aec6fbec26b4fa08d86108a85f81840241945329746a92ad5af4576123c451d2b1015995a85adc58ecf7ee97fa0b9a59e23ec474dbb3f5fdeb454c4cbec4a6f5366ad1e79e861cccfcd231a8aa92aca1cae8a7570489151d4a3cd07badb288142a81a9a61d4894c32918be829a34428919790e5581ad791691960cf9f279049c023db2f143039bb8497a6a2e8f50fc0ed69c5423681706892aca780687811ad5d1bb17e550301cf0cafdb8d622e8b50288876591fc84624e5cbd8d8247a7a7aa56b585c0aa1a9d1a706fe72939efc7b26b39362b2df45c1257f92555a9a5c05a9501af1d93496a6323847707df12b7f8aa56347b0b1d700436d015307cfe1ccd1101e7de2189e7ae1fb78e6d8d378fed8333871f618ce4f0e632e308d5822a6ea2cd6aa94956cbb5ec15a9d06cf979b2096a1829fffb57762fbd51b2ff4e25f9b767fbebc6940b5ccaee436c58f73ecc8310c9e39c36d5046155c2ea7aae622ebf96c522986cf0d7a591e63263838707e748cbb796031db108e4429f98cb059cda89539fc8d35987d03640f155872d36a7a3e972b607c2e88e3f30902d53ab4f76d42ae66c2f4cc39c2865464cec1dfd08f66af110d0d6e18783c71760bb3898643f0363461f4fc38c1d206b7db8562a18885c510d2597e8fcc4a24e88fc253bdd8977a22a78412594f3a9645622185e87c16b1a92cc2a3dccea6307f228989171631f4cc344e3f3986179e3885af3ffc1d9c387e0277debc05df7cea089f4fc21c4a61668900162b63725a2a4a932df1fa89f8943ea8f58f82440a3c0599ea5d50aff843f6931a8a520dbb6555333ef8cb6f87d55697b83fceb4fbf3e54d03aa6576a5b629ea7e64e83c864e9fa2cc91f72c585a5a221328c3e321f5e67b92a15346bbcc8e492081dbe3425bab1d43a38b28578dcae16c335a609274c2463d0aa53cbf4f46d5b119b5d818905944369fc3e44204c38114ba1b281d6fb81d16470be28108a2c919321b295401347a7db8eaaaf5ca11af4a6959cc2866b39456458c8ecea0b3b3437d16209b2a48484455f8510d1e6fbd2a8eaac02365e5d39462b3492c9e0d62ec85050c1d0c60f47014896132a6f3558486e21879690ac79f3b8e679f7a1e8f3df15d3cfae4a378fcd0f7f1c2e00b38397614a7c60e21b4184670a980f7bfed26a45209f8fbdc78db2feec7d3cf27118d0833e2f1094cb2285b21910223f570f1e50f6d7556452667aee0cef7dc856baed9c277ff6dd3eef99737cd47b5ccaed436e7e79770f2f031c42341cab782ba91cac532221c853285dfd2dc8a4aada26280a88d20958e65364d42149e7e6e0ae36325f8dc6d686ee882d1a2c74bc79e4038bc802d5baec38e5dfbd0db5480ebcc5f900145706a7c09df3917c78635afc74d0f7c14c3043a3dd9d653cf3d88a327bfa972ac1fd87300bff7df7f0e6ded8d6a648b133c43a00a049348172a58b36615caa50a416b5a65f494c0d242b686a6860624275230e6ac2826c8e01259247329553a2b99a1944b270888714412113e4f12f8722ad6a922fe23323f45b9e480643a92033e9ae1f528e6e0b5341030cd686b72e1aaf53e74f77a5120123df4f5716433e46c0a78e46aaa1f3fd6ea9fcba3402affe92be8dbd68d3ff9ccefaa3f0cff9e69f7fccb9bc6a896d995d86689037ef0f439649309d4244b67e502209119897c8947a3aabab09dc7ae729049492aa9682c4065e67b1eb70d478f0cc369f1902a18303afc12720a104298991c443c9684b77d3ddc6d9d3087cfc1aa375116b6a069d501589d6d4824f370f9fdb8faeaeb080e7a4c4d0d52caa5d0dfd383b5eb7b39a0d91599d923864ccf04d0d3dfa74208e27102503a476625556baa989fcae0cb7ffb189efbf6419c3e7b164f3eff149e3a761007cf1cc6d19193383b3e889199512c04e6904844290173fc1ee95bad7c81e1082b12342188d4aac896528865a27018ddb018ad2a88355fa8617c3e879173947de7d34aca5e2c327111a4e479fd75dd2ebe561028cff9af4620d4d9f5f8f027de8f9ebecefa8eff8e69f7fccb9b3058cdae5093e53073330b28e772642d3a25b32486c82a65d5090ee2a3b2db1dca992da10535a932c321270b90e57359d3d6dddd8c8d9bbb108bcd6171714881da55d71cc06d37de8ba6e62e8c8e1cc253dffd3a26d26da836ee85cdd68e7537fe329afbaec6f1b3e790cf4ac1d0229a5a9bf0f33ff711dc7cd39b9149a5f0c8238f2111afd727149f4e21cf63f2a695fe0998c6a2090e7c19f61cfd651dce8fcce0d40b2f62293843b09b50b9d68b04235da90423f797e003abc148d091500983602abf4f76c84d9225cbda439ea05c1515dc992cc4796c4a5e0969e0395384424fd434d6783c9311995c4681b60221f9213de1e3459f9802a5fa5365220fe5ab0252d057d1bda11b9bb7adbff0a966ff59d380ea0a3609824c44631c3d5548e92a611412516eb5d9d0e0f3aba477e2b4ce65b28892ae4ba92b590a2203b95e8c54a2cb8b3870603b4afa12666647f95955c52a0dac59879b6e7a039a9b7b31367a1c879e7d16a9de7b50d9f1abd0bb56a1a1c18b64240c93c5840afb5126d834b536e27deffb656cd9ba0f6363133876e4b49a4114305a588ca2a1895290964e6691cde66114b4a9d4303b17c70859a154a411df551d0c84c354d94782119fd501494417651dff096b52fbf11dd9e433d94f7c5cf97216054a3e1bd994516752e1093ab6478ec9762c28522a1a15285db03a4ed501ebc2737910bb381b2947aeffacc2e430e2977ffdfd2a9b8266af8c694075859a781eb3944e95527dfa5c86960446ca9217195a32c3e772bb55b4b62c2a0e2e2d12d82499b054949125256429042459cbe66bb061d3d6f56869efc6ecc20816e627549068674f37eeb9f71de86cefc7c8e0211c7ee908bc9d5d044187aad46c2533711214dd5e174150daaaa285ccea2d6ff9791ed385e79e3da466d4726453d1781a6e8f47c9bc60300ce3853575855c059363212c8e4fc1ce812f419a528e8b08260e563953b549bfd5c6f784418996bc0826ea62a8478964af2051482a0665d59345b15f3a6ec2eb6430d89c0e557d470110ff0b4b5290c5f66a3a9191649e7caedeaa37ca7deb9fcb7e554315fbefb80e6bd6fe70d932cdfe73a601d5156ac27c32e9ac1aecc292aa12eb23838f72d06ab1aa7a8166b213a7c309294995a21c8b480802f72f4a2600ca3f120d328f22954c117dabdbd1dfbf169d6d9d183b7f02274e1cc2ecec1c7cbe46dcfd86b7a1bb6f030e1efc3e8e12ac9a5b5db0394c8abdc8f0cfb31f751926159f8155ab36e0baebdf84a173c3082e842929c368686b556c49aa27178a02081cf6c49b70388ba15343a8e60baa3ea080aef4511893f44f111a011179ef0240fd2bab230ac95915e9721ab9428a6ccaaec053c05b66f4642713af8b948a97ddeb30477067bb561bc802bb70e096cdf8c087de841aa59d022f6517114b808c7db3e870efdbef569f68f6ca9956dc61995d496d46a3494c8d8d239b4aaa4dcab2cbec99d4e5131f95f2d61035c4d7333b378db9d925986c16f4f7f6c2ca915922c8381d0e157fe5767bf89d363c7b3081543485a991e3589c1f86ced6802ddbf763eb96ed70d9ed38377c0a274f1cc79bdffc56b2ac2e7ce52b0f63d3866d04271d566fe8424b9b13d95c1976b31e81480cfffb53bf8837de7d2d566dda8a0d5b37a87e2fcd87904a4b3602ca4ff29e170f8ee19b7fff10ec06322cf1a01174c5aae2b0e6a3dcbcca81ad9ef0bd0b524cac3ea15dbfbd25d0335f2e6029b3c8f3aea0c1ea85996d9a0c529ede48f96784c5664789405553be290145723332a8d7bf6137a2b179f477f7e2e8b173981a0db055839a1c504670ac0a581aca3870ff01fcea6ffc1c01dc57ff6c05a6ddf32f6f1aa3ba422d9badb32949f626ec43a2c7eb49dd2c1cd6e240d6294625051ae4369045ba0982562a955653f7ca975328c868473a9d82db05b8bc7a781b9ab17acb5e74afbe86e3b3881347be8b6f7df38b387bee047a7b0770dfbd6f2575a96261218277bfef7edc78eb2aca403b7299228a851a62911cd99c0e0e9b0b9bb75d4fc04ac3e371abbe4980678c37aef4bb4af9994ee5307a7a147a62938430b0638abd88f45270c41ff54782910a0dff179e7311a0c4e45985ac305bcc51dee6e03039ea3e38f181e9eab24fd2d5942b926f8a3b13f0041475ba12da5a7d04e7307adbdbf1e4932fc2e9b6e3573efe6eb4f7345f68598e2b8f55347635e0173ffcae1f024bcd5e19d380ea0a3499ed2b522a9529ef44f2c93a3c319982d79b4c64173208c94338f8657ad861b3a9193e59be227fe17202501c8092814006bf542fcea6e258b3caab3216f8dc8d58b7e11aacddb8978cab865060128f3cf2b7f8d23f7e162fbdf43cce0ccd607a268278b4441907343438110e2430371945365d46325962fb3af40d6cc3f6cddbe16bf42b304d440952bc25f3c5825a483c7e6e118bd30b70591d1740aaee0faafb84d429fdcbe33253002dd8c1d614e8712b96cb8815a230e92cb0886f8a0c4aa4a8483f6154227f553930f91edbf7faccb8e5f5bbd0b1ca8d81356d181b9b46249146636303fee44f3eaf522d0b38c90c1f8f822ad1f4e6bb0fc0eea04ed4ec15370da8ae409319b38aaa685ce638d6c1240544c9a82443820471cada3e5216450604d464b00a9510077b381c41215f4f8f229fcb0ca06ce94c065eb7a042816cc4a0d2af7474aec6eebdb7a3a1b14739e92546ead0f1a729ff0e22129ec5e8d82c0e3e3f8558220387d349e04aa1942d20194b89c308adad4df0f9dd2a4c42b263c6e369b23c82088f924be5717e681aa54492fd9677c80af953cee75f7efe0b4ec91ec28614a7526f0a48d54144023e53a5ac625376a36483e0f7790eb2095849df53e984fa2e2107fd3d3ebce10dd7e3c9a75ec0e4f0028ebf7412cdecebdd6f908c9f51188af5500639a63a1481cdddeac5ebefb9455e69f62a985c6bcdae20130651208d117091f577923e586493840148be2595dac46a5711dff2bea8940a01cd4256613553fe25e34824e2cad92e191544fe49ac532693e678ccc36293dc4f79ee6b81c3e144537327366ebc06dbb6ec476fcf0012f1052c2e9ec1e8d00b183a7704df7ef41fb1b4300d87cb466cd2510266904aa609a412ae944773675d42a5e229fed4a945be264ab2b9f93026064708ac46cad032894b55a9bb8be1080210f519be8b00c51f751ac547321d613bf293cf0be52252c504ac062bd99489fb13a4283589d0eadc04a7eb3156e07501b6ed1ce07939793e1d686eb4e1869b6fc1c8e83496a6e771eee4f9ba6c94af2b89c7fe5875f8e86ffd227c3e8f6a43b357de34a0bac24c1892841688ec13e6a366b5f8be4981549d31c88096ac97f2be4a7ac77d8441150912a2aa92c9142a64389262577235c9f75442ba5c129d9d760efc9c6211c2c00422f464416e77033adb5761a06b15329458a3b327e0f5d85564fbf8d8590240150dcd0eb643865628215bccc2612dc2dfdca0c0291c0c115ff4759025289d3e7c16553243a151c5625a650badd424958a0096cc267213c0603f947bea22800948f1b5ac0714892b6c2a534ea35429c06174286052e0c4ef4afc94843cc839aa59466ea5520d4f3d750c53c3f3f0791dd8b57b1b8ebc741cf3a34b38f3e2044c3561623c2e4157161d8b0c5dbf7d35765ef56f6747d0ec3f6f1a505d612640a58236c5376596a4731c541c98e244af3308099894392b62005f4b14b7ec23cb1e32d98cca3b954c25091879c55844424a7b2552a06c368dde5e971af4a96442cd2496f879219f533e2e011ca3c186cd1baf87dbee87cbeac1757b442ecdaab65bdadc7012bc4492e6f341b4b658146b4bc693c8a47348731f01cfe1b3238806a6b0658d1377ddd881dff9d801fcf11fdd83a66e13cf4b24693d44419894b02f0bd991495e10a144eed5d951fd79a152443c1b85cd608185c02d9308b22c4640ca4c1629a05e21f3e49b4acec9f79c260b9c6513026373084d473172e23c6cb08290ce9fd2c605e6266d596bb8e76d7729f9a8d9ab671a505d612640a51cc804aa5aa5ce3a2425af3000915032cba7b21658ebf9c325e7b7ec9fcd65949f48c67b3299443a93e5fe525da54a80caa05aae50fe11c80c05b8fd46250915e3223b2ae40b7cccf1fb791587e4b6b9d1d2d8833ce55d734b3b41ac88a5b945444231b45252e94d7ab8ad71f81a3caacdc0d212810330975368b315f0ba2d0df8f4afbf1ebfff5f6fc43bdfb001db7b1dd836e0c3fbeedb4f5029a0bed0477c7094b6e50232645ce16298c75b447f87093a635925b213b04e152829f968d30b9b125016e927b39e920cd04c669792aba6f6e149b2fd22b6f5f5c3c4be1cb8a60d9b3778094e6632291dbf4170e4883112d004ac24b0f4ba3bf6e3ea3d3f3e73a766af9c6940750599fc9d9719ae2a59829eccc94050e298e4fb1c54528b8f0c82a824e4410539d6d3f592a5108c64c64fe4223fe6e02fa9d7e2a79278a6926400556096452c1a417b07251cdf2f13d8243b41896051e5631d384a8827022a664b66d66a15231adb3a29fdca04ac346c5623e55609dd5d3602531c96c818d69a13d8e14e61576301abad49b459726440199472092403f3482e2e21393b8d523ac1fed523d3c5af562c6610cd87b94de2fa5565fcf5c76fc7fffe6f6fc0cfbf690be9620939f62f538cc3667250fa92430a6be205111f952cccaee864968f0c4c5f465b939557298d7c318167cf1cc291334fe1dabe0a6ebaca8737bf7b17d1294f70aa333103259f0482ba1a9cb8ef1d772bc6aad9ab6bda15be824c40467e888f871441c9367132cb8c9fa0583d9fb8c453c9d43c07ad38d92ff8ae6289f80f40c946b6954ea5d48262298c203e20616885620189640c0d6e5947984381c025f24fbe07ee2749f474b5122291794a3959066365fb66347abcb8fa9ab558bbae99b2328a8ed60adac8a84ab36751591c43293a8b64781209c99ac92d1a98e5f345c4e71710999d4268660cf35363f8fb879e16ee833281b158ca205e8c61293b8bf75cd783dffa857bb06e432f8ad145bce1c01a6c59e74792a023930a16a3459daf62540415594328594b13e928d2a534eedbe3c1677fe74ebce79e0dc8eb923835338ac98509cc8f8c2071fe0cde70fb66dcf286adbcb8198255954055675657dfb20bdd3d2f9f1d41b3ffbc6940758599808e8094b026199c32bb6773c85a3bbd5a8c6cb258f89c328680254c40f62913d032a98c0238f11939c886843dc9f2991a259f00940c789148b95c8e7251985356cd044aa4bbb012599e228b9e050cb39924195795c712477d0db95205df7ce449cc4ecc435f49635d7701c9e9618426ce2338398ae0f418b709046626109c9ae4368ea58951ccf1f3a999009e3c31833ff8c793185fc8d701b39c47241f81db99c2a7deb517ef7de016789a1b910e87504867f1dd674ee2e93353489602b0195d6a81b130216152f22872379d4f205b4d22999940432d8af8cc59dcb97f3d065aad2893614d24f2189989617e8c207afe28ee7dcb7e581b783daa042b5e8b46539200d7a2ae8966afbee97863cbdfe11fd84a43dac5561a2aafb5b932fbcfb669b14a8a941ac281607dd94c214fa2532468e9ea39a85081e582535d66c9f2041df1113df6d8e3f8c6c30fab6046b7cb05afc78304d95447473b9c4ea762210ea70b368b4d3defe9eec733cf27112670084b11bf54391727b8c590224b898496d0d0b20ab7dff61ef4f675e1d4d93378e6fbdfc59db7df8dfbee6a85257914a1f1217e7f0ae978942c8e6047409494c4327757a91a79fc2ace4e91ddcca690abd861361060d9eb02cf275b89617d9b01bffffedbb061c726186d94a29120228b210463157cf8f34f632c44b95a08c16b6d534e73c99365d05b5434be83c01d4ccd914d45104d2fe223bbfa70fb357de8dfb603b3250beefbafff0b595ebb9bbb28fb767663fdc63e74ecdd8fb0ad1dbffad6df06f246bc6e730d77ddbd138d6ffb048c0dddf55fc032d3eecf95d94adbd418d51565a45122d3f8b7471895f89f2e160aad2f4a36287f9438c955f928d989fb27d329e57311e7bb643350a95cd856be20a98325d779453dca62657150cbace0aa354d288bf3f982bcacb22939bed120ce7959b24360315b1583e9eee886d36681c7459030c4918e86904ec490cba6790cf12595912d015f3f1dc667bebf88bffcde3c3eff4c1087a64bc8571d4aaac971d3c53459541abf71ff367ce613efc0a6dd3b617479908f8511989e562993bff3e21016e27a9e470476931726e55312c96752724d4a68a5721964cb216cebb6e1ba35ed383417c2423086c8fc14069a4c78ddb51b55a8c28bf3318c0553585808213936820e5715bb6ed9815a7109bdee0a728b73c81e7b425d79cd5e5dd380ea0a325922237821819eb26ca65428900559e1b03be02253b251fa5d4c9c273381025222eb24b440c940835ef99b64ca5ee4a302a7523d764918584981961471c8a0b3cdc6fd096c644332dd5f9303731367b538efd99a92983237e6b039e1f337b1638b642311e42919d54c9ccd0e6f831fadadade8ebebc486fe3ea48a46242541644d02282418b5401695e1792470f76e3ffee1f7de82f73cf03ab4ad5f071d81381b5844687a0a66bb0bc333413c78388874210123cfcd4a1656779e4b6a1bca3e412a3ea6f301ececb6e0fe9d1d7807d95492803c11cc2030bf84ccd23c7ef51db7a2c5e7408a80feec38995a308ee0cc1c72a3c3b8e79e1bd0eaacc065aeaa8484f930cfe987458966af8269407545994c98d7078d841508b3925ce8e24312852f8ef2b22c9921c3106621ef0b838ac763641c06c5b464604b714e792d8b8455e024df971004c122f16749cc95be9a85dd6166fb35054875e3239988e45c57dfe36b19c3b220baa3bb0bd75cdd8e220737310a06ca48a9e9e76d6c42736b0bdada5bf1eebbafc6fffacd3760f7f676025f127e6b1eb7ec6cc21f7e602fbef05b6fc2ef7ce81e74ad1e8081d2b45ccc22313f8b85f34330b2ad38d1edef9f9e4434cffe97a2b01bdd045ff1490940499f40f96ba58c4c23558e530a965548859960bba9bb11ff74621c8bd12416a767d160aae0cf7ff37d2a2a7e249a423899c38238f62727d0edd6e1f6d75f0bab55d64ff21cf57c1466aad9ab6a1a505d4926e385c86094d0044a3ea7cba9c205c417250023e95be473811071b2abf5807c9dcc64ebcb6cf8758967127091dc4f923541421daadc4f551626f84914b76cc97402fe46b233bbbd2e2da55d6e222725658a9a01acc75dcaba5decd83c80813607595e4e689772ea9bc8a84c560b81c60abd48541e7c7bbf1ffff7136fc6e17ffe5d3cf1e5dfc5a7fef01770cffd3761cdf64d30937d556b25a4c9a216878611989a84b3a919b9520ddf78711a47273264885158745658084a46829480a680aec84783d18c7c398552b588514aba2c8158d2d95cd5db84b964164767a3585c0a224840dad9e3c3db6edb8b48be88598260221cc3eccc349253e771f52d7b6175bb60a49c35537a6af6ea9b06545794d5d994ccbc29d0520c470f1b014a9564a7f41120a9488d3a19c0fcacc4c19acb9121113c8418887f4914922c4d2951428a1414101286562f832e8024ac2a83c6062b5c0e2761af9e274ada932e98097a3acac47c364fc656e1f7c85ad63a50ccc6d45218814a918af55083fa7a42494b934a26118b86918c04502ba6c8fa782e4e27e0f5cb1a201433198426a7307aec18e2042b1f9998a4393e746a1e5f7a760179cad28af8a664a68f2721e0a4c212782e1635d397243015506137cf4712c894784efc7e87df8b3b37f7e2a99125c45245cccf2e203e3f8ddfa404dcbebe1f2f4e05502ceb105e0c223c3b45296d46dbae6bd1ba630f6cadedea9a6bf6ea9a065457922947111995f942c4395fda9d2e6e0ec57c44eed9c8b204500a0406614a05321cf13dd517e952b289f4131645e9268e68a1570adc44fe914909c312702864d394540439c5b08aca39dfc241bb69cb2edcf2fa7763e3557b31bb7012e3636708784134bb53c825a32a319d2c591187bd804489df17c6974e67904aa455518750308c8804792e2da21059428ddfcb868258181fc5d4f818ac2e1bdafa7a904be7707e3c842f1f5a609f0dc817436453ce7a5519b23ac93525191244fe550856b952865b1a16090625580f2fc55092e536ba2aeedc39c07e56f0f4440821cabdf9d945e463217ce25d7760212bd91708a604e74820845c3c08e796ab61ddba1b66bf2caad6ecd5360da8ae30aba7d52501a11c5391e716c960496661acfb52aa8532259904848a233d8f78228172bec01b41a2b6c519cf7df8799e9f11adc8782a0ac864d6b0c8ef66730595e33c93c9a15288c1600de1c02d9bf0cef7be1b77def9565c77ddadf0fb7a70f8c43378e6e92fe23b0fff297a1bc6a1cb85904986094a6994c9a09463fe02c815f279b52956954a231a4e60692180c5d9594466a6109f9a4280cfe3b1303afaba55dae208a5d8d8d41c3efbe4342696c89228e72a646b0eb38f004ae92b7569844d91299a4d1664cb69e42b396ced36e38f1ed8873dfdad185c88122c6b4aca3a29416fdad0856f9d99c65c248b4020882532abcddd0dd8b76303d95759b1d3542a893441b32240e8264811fc357bf54dabebb7cc2ef7368545090392687171244b8604079994c5227e200b07ac59f9868ce6fa26fb08b3094522700af3b23b6016df91d90ab3d50e87d38386e616f85bdad0ded185eebe7eac59bf11eb376cc6eacd9bb179fb06ecdbb70d957c03d2712be55105f3c12c86cfbf88b58e51bce5c01abcf18e9d58d3d34839b7843481a620c1a0f91c25609efd94e47e04188280f8d264098f6c322329c1a6e2cc975946792df5fd1a28f5c4d7b6383b8f54be88c74ea5f1fca024dbd321999d87596786dd2cc1ad12682a5297602d298c8d55a48b0924b85ddd65438fcf8c76af0b0707a7b1a6dd0fa745fc577a74357930361f41345f418fd746c95b213b33e0866b77223a37478609e58f9359534f930fe6c60ed46466d1f9af5995767faecc56daa616f0b9cc2ef73625e7b7f88a9494e36b590aa3581499517db132718ccf651346a5bc44026cfc4ce4a07031c9fd2d3bcabe32872801a402664af29155892c54d919084a791e2793aa606cd0835446085801c1501cb99907b1a93984d6e65634b7b593d1e99149a7904f27d44c9b022709f29402a16c4b4215d4a260e994f44fc2217802664a5809ab686c709345b5a3904c93e54cc907383651c5e71f99640f0d643b948cc971f86d5db09a9c4aeaa9b58e06135f9b28dbe228b26fd16c08fb5759f1ba8ded70daadf87fdf3f09afc382dbb7f4c0e730c3e1b0632991c39f7efd05bc7dcf1ab47b2ce8ec6a57338dd16014b3436755c06c4b7b2b06aede06efc65da87a7b61685c2517f3874cbb3f57662b6d532beeb0cc2ef736057f247db0808ca4f215a8110090b8a8128145c0467ed9c401b58f4ccb49ba14f95efd0d0294001aff09b8c9f70434cae27496993fbe964d62ab24a58b842c2493154c8f7412e074c8673348c6a3a8cdfd0d069ab2686e6c824d45b6eb502a88635d004afc533283c84d40a95acfe9aefe5eaa8e5dd8682693814ccf41a0f2920dea55d23d87c78fc343497cfee109e44a5256b486506a1a86720d1e7b0b4c7a9162644894bb128e50d5b3afa50c8a929aa69040b32b8ff7ecee4583db8ad18508bef8fc30de75ed7aacebf090815ac83e6d78faf818a66742b86e4b271abc4e74f574a1b9bd43ad412ca633b0386ce81ce883af6f1d0abd7b51b1d5eb112e37edfe5c99adb44dcd47754599421f0e70a39a5193647732a397cbe691cfe4d42c5c86aca4486a2ea092cfd43fcb6565294d16e994ccbca5904ca595af28459aa4b6349fa7932a225d32804ae59a70348a046fb28438c0c371e59c17c77aa95caf25280b9693c9183f0b20160a2a00cb925149347a219753b24ed89538e825bd8cf2598973bd5c4549581c8147decf1218c2a188f25f799bdbf1e250029ffbfa188f550f32cd1384cadcecd64632299940d0914de954b8856cb278faa289149c8966b194e4714b15743778b0a6d189a3630b48e724af16fb4100ddbdb117dd2d4ecacb02b23c17395f29c4dab37e337c1dadaa5a4f229e40647e0965582eb4aed9ab691a505d4126cc453493f86cd4533e93c47649011a7154734b4baa16024c2c1645341a41301c4194cf2391305f47f93a8450288470388c50308020b7a5a545049602082c2e221c0c231c8920c9efc463fc6e3c4c108b13509204a04cdda764b0ab45cd19be974a2594033a9b49ab0878c9222aceeb0201407c5ae2acafb335b236b235995d94adac36ca41dea1e26b03dbfcd6b3e3f8c237a751a8902d1a2498b58a64760166834bad0514e7b94c0ac80ca6c16046ae9c55ecac5e31599a1270b3e0f0741859f6c34840bf61430f32d90266033164f392c534af120e6eddd80f296bcf2ea97efeffedbd698c6de7759eb9aaeacc53cd75e74bf292e2a54853a2245ab22c0f0a144996a5d809221bb18324486cc448fc23c88f004910341cf4af46ff6834fa573710041da01374dc463b40d2e820b66359dd71c238092891924889d3e51d6aae33cf5595f779bf2aea02b1cddbe816d8e7d45e87fb9e7df6f0ed7dee3dfbe1bbd6b7bef551331eb5b9982feafa4c927a10db5ded2c54dc76663f58cb40354f86a092119066224fbafa5123dd56277a1d966e74a598a8ced9ef0a5c522b3d2dd448a7fe544f202110ca4065923d3b7d9d23c0001d20d3d3314d29a30ec7abad9ec0371a74b434a3a76b0c7a9486e9c4b874536d49c18dd279e45c0d8714d60350720171fff4f0bbba2660124c58c401038b6d923ffaaf20c57512efdcdb8b7ff2afbe17fff85fedc4800972f4ab5d38a1be7a576d8da356583f03b3762da0a448b5a0dccdd81b69177796b8171d0eafedf6e2b00b28c77169ad112f3cbe19df7d7b3b0e3b43815cb012c4d6d656e3dab54b912b14a4b24e0cf377defc9e53270e8ff47776528cb51ff94a4aebc8ec076e19a8e6c8781089f5a00a5aadb6dd3d26d864c79881bf028bcbb7e8411c8c01092901028edc3e5cc4aea0c4c27180addb6ccb75db8f0329afc3c32381492e1309a282d940e0e1811e0d05a813a9aace9e7bf4062341f0743ddac735b52b1753c73a9e25378e1990c70c70968242a50080a4a408d81357272e76eacf0c886ef727f1bddd51fcc3df6ac7d75fa1b202df455f54e0c1b56d8f0ea39adf8a62ae6035456a06e0203e373e1ea481d61cecf81b7f0d0c50ce476f928b6fed30207a1c27e2ccedc72ec5e52bebb17724e5373a760ac6b1e8b675e952541bd598eafc9680fe607b4f8a53f0ef8de3f12fff9558be7cc3ed66f683b72c98fe90cd439b00e160ff307a6d94524b00929219020a6240234180540082d7f404d2bb2607518000722ca81edc45d40efbdd2bc8395ac7ad23f24eef1fb09a906220f86c6f4b75f4af446161498a8929d14fa374fa56ac8f7e3fea857056f829e902be084998fc1f922cf9744dfe20b7542baec2d01d9cc603fd55dc3f3c8dfb07f45a9269cfc11c23f4e817db1eb6a239d88eadf2639123135eaf454199a141b8c063a92d54154023076c7a2297f4442ea654d6f0781cb9e8c69ffbf8d5f8d0e57a140b7943b32995c8d0a1e55a35961bb5585e69446f2877d96e9fee43175e686cc60ffda9bf104fbcf069dd926fe80fb5ecf7f968f6a86d66a07ac866bd4dfe2181ccce833db9617d29a123b97e3bd1eff40307c5d50cf4b08d81901686c450df89de3b062f336c06200082250ffa537b5243b4e94560224173a2079f780d32881ae3cd9696a39b913f2df9b31cb858c8094ca7fb3ae6204e164fa273f84e2cca2d1c0e99aa7d31aac57cd4cb85a86971d05bf0dc6f4e05272164987b68c88fae2388e94ff750422beefb5ee78da82eadc44a7155fb8d29418af90bf36a8b9ecfa920c579b894800af80a545a67369bd174148dc2207ef193d7636bb91c955249f7a16b4b71d213c9a4acc5e292201d5259406e314a579f882ffeb5bf1bf5d575b5fcc75bf6fb7c347bd43633503d64f3d026a903efbe733feedfbb1703b92bb868a82a808332a2b74d98b202413d59a910701604c86fe2fc733545b918a6b772550520e7ed097064ae33048663e0c7fee1629c8cb6740cca839e3b016ed28c426928a5731adffbce3bd16b76a342fdf27c599795b2d2cb0852034b7a317838292dedd12eabacb343ce8fe35acdc19114d5616c55ae19681c445c8a4455d14c40ed196e547648a0c2a514a80429d6bd0846037ddf5b9717e333376a7173432aaa5e8d45019619737049b9e4f474212a379f8c4ffcd457e3a33ff9450ff57914cb7e9f8f668fda6616a39a33e3e16fb65b7657b6e9b5dbbe1f2d5209e406526e9887b0dd22d5a0e3d966a881de6a1eca5ddc734f60afd38e21c1731d372272cd032ea0f538b679102d1dd3d53127029f881027a414e8bd54ec476bf0dd68f7de8de1e8ae5cc2efc5c6e620b6d68b9ebd65dc9d44b5509392aa4739578c92944f5a8a51ce97820aa405416229276d9486e939fd004ed9cca98518098cadd1512c17d7a51093d4c2a5645af605a9c0d16490d8cb39a8315a10b0801f45fc3cb84617208bbd56aec4e6d3cfc5bfdb9fc477ee3763bf957a47299ddc96ca6c2d95e2d3bffcb7e297ff9b7f109ff8dc57acd632fb602c03d59c19ca0737879e39923de9e66f7705994ecba9043dbd8f481510c828b932918b48ced364d88fb17bf17ad1a75790316d9d66ea2124f749c7a2c0c6638e21e0de764ed490940429b605f9488f5dbd124fdcdad0528bdb1f7e2aeab5d5c8eb617febbbdb911718aa05d208ce86b758350930c008d7cd2bfa8fed672f224fc9008eb5912075184ba772c37229ebde6e9f8045cd2b12495db64fdb8975f1f366dd4176ad5badf9dafad9ebbf2bd79705d85c5cfdd073f1f59d71fce6abf7e36bdfdb8fafbfb613af1e15e2a77ff5efc7a73ecf2c33a8b6cc3e48cb5cbf876c5eda4429fde66ffc661c6cefc8756300f0c423ff995126d5263f960a3ad6b39f624d4600ae9e634fc90d040aec23939c4f6cf3501a41d0f1291d8762c92d15a3b1fc6cac6d3c17d31175a93ab154b823302c0976ddb873e741bcfcd2eb5252d528493959e5481959eb001a7c39c3291939600f1b77c729dcdf703a8addcebbb156da8a629ebc29dcc7700a418981c7b87c3ad82fdc59bd68dfdf479f75e3bab4dcccfc42ac5c2ac7d5c7b61c882716b6bcb619fb0747ee31fd891fffb1f8a55ff9e56834eae9261eb2ecf7f9fef68368331bebf790cd539b3b3b3bf1bffdd35f8fe6eeae9ecfb37ca5e9d900609496600594608efc3b3ff0e7bf04f7f6094e6cf3f13a16c8710e9518cad55436a65a2acad56ac4bd77abd11f1cc4e2b1d4925cb7175e5c93728a18f6c7f1af7feba5e81ff4a3522a7bb0b07bced4eef98f0e44bdb7fe10a39222d236df8b3eebda07fd03cf1fb852daf0f8c105018ffb29a8ede92913448c82c98e0d52c7a212b0f4eda358c9c7f2463d96d7ab512ce7a4f4689cef9cbe672157106c37e317fee25f8a5b4fde32bcfe30cb7e9fef6f3f883633503d64f3d62641f43f78e9a578f93ffc41dc7be78edc3502c1a9e7cfe90967ef7c4ea9085a0cafb48faa0baeadae87b698cf47b1c0ecca729de4be51706f75b511879d52bcf3565e2ee283381e0185d3f8c2e79f8e9ac0f0fa77df8a7ffff56f7bfa2dc6ddbdf74be3ba7ab3a2fa2f4cdbce36eb2e042a8e9dc6506ee7fdd69dd82c5fd5bd94df731d97745f4b859cbe6bcb3d95b5d57aacaf2fc7c9e26994aa452fc53251323a010432a75aa02a5327016d94ca9578fa990fc7177eea4b82d493e9e27f8465bfcff7b71f449b19a81eb2796c737979c5bd74e4403db87f3feebe7b37eebcfd56bcfaca3763d8ebcb351c1a1ae90f991edc918edd7bb013576f5c8f6efb48ee11331e1f3bab9bba56eeee973bb9dc68c45e33a7f652bd75f2a8a6f2b09efd682db6560bf11bbffedbb1345d8c4ab1e2b810bf347e6ec0e1fb3f3bcb9ab375199ce238bf505364984f62b7bbe71ec6f5f225b5456584b3f405416ab17c1c9ff9ec8bf1a59ff962fcd0479fd5f68578ebed77e25baf7e2bde78ed75c7d918143d4551da751504754d6673fed8275e8c1fff139f8debd7aebbcdf7b3ecf7f9fef683683303d5437651da0458df12a8c8af3a3a20abbc9d86c3907b75741847cda3d8dbde89a79e7926daad03f776d1bd4f50999c27abb1e313cff977f7de71dcbfbb64d72cbf48b2652eaedf0022fdf8837ff3cda8176b72b30ac24d8214e6de3caf2648392e661f54ebda44db938571d4574a524ba771d46dc6677fea73f13bbffdfb717cc0840c4cc3259524aefcd95ffa99f8955ffd8b527fff65013bbe3b59f1c4ec1858cc7020dcd78200b5b2b21a5b5b5bae8794fd961ecd3ec836b35ebf0b685429200c8d82f034e7524c3cbc21372aaf071ed544d77fe5ac7c314a8a01bae42c11c0cee58b51d0034e16f874426e15f954cca40c64467178d08f6f7fe3f5a8e448c02cc6293d7a6766a5241079ac9f54d96424753611985039e55a2cac6cc67eb11df7a66fc6f21311d76fd7a3b1be105ffdf99f89dff9da6fc6ed4f3f17b9e57c54b68af1e7fffacfc5affe8dbffc8742eadc705f373737e3434f3f1d2f7cece3f1e28b3f1c1ff9c847e3e6cd9b8f5cb42db30fde32505d409b4ea75649c088dc22fb422825b9889ef29c0035953e0529bb58dac6820a62d204e23cb401f018fc8c3ba5cd6a82548088ddbddd184aad150429b2c917a4623c93cd98892204c5fa662c5ffd506c3cf589b8fe439f8d1b2f7c3e1effd817e2ca132f44b5be1ef5f29a8e0fb96c432b275cbcd7bffd4a5cbebc15fff33ffa1fe2fff8daff1affecb7ff49fcd55ffd0b8fe4ae6536fb9681ea029a67371644884739c7e88464029412394ecc762c30917ca9638927b18d650198e1c45920e95d801b8cc7861115358928f18b1acb552bbafc895c4229b0c5e27234aede8e277ff84bf1919ff8f9f8b0deaf3cf962d4d71e8b861454a954d56928ad63bb954b21482e16a32b5794eb33712a3135ecfc3335b732bb389681ea021a3121bc31a6aa62aaf353a912b6f173205644f2a5e352da86622149522b8e3111848654069ce4d388c922f4ce3c821c932b9463fdc673d1b8fe7c54af3d13f56bb7a378e96654d7afcabdac472a92d78fa5534926c9268aec1d4f8682e748ed33de1097b460d0514a861ec84ab512df7bfd75f74c6676312d03d505b4633def6469f3e013246758c9d26221f205b96a8214f5d5a90d4e869133b905255c42102572184c408bb174d3f1b1a096625a8e40695b5eb02a4a25314898922b4bba0699ef2e93bc78102f7c7c2d9e7d76254e17a8ead073b63b395e069594593e578a62b121b79272321329a892ab89bef9c677b983cc2ea065a0ba8046e5cc2529179141b0905b97978ba617e3ed3cbc44db0894139472c01d55c5719c42b54cbd93c57e421d29d499f6174be5a8546a512eca2d5bc845b5528f95e575cf2bb8444a83d413039547fd4e34f7f662f17420976f31a50b483591e7c4355072c562254a859a151fb960c56249c796e3f77ef76b67df20b38b66d9109a87ec22b409885e7bedf5589a1e7bfaf24e8fdae81d299ea1c7ec1d1eedc7dee181b3d137b62ec5a0d776488ae039f958f4ee31fd3a953a9716cbf1fbffe65ed44a5b912fd6042c02ea05bde7a32c68a1caa8c8d0179c8867952bebd1eaec45a3b6182bf56ab47a450fcb59d03e4aaf700c001c8d7ad1ecdc8d7bdbff299e7cea5a3cff43cfc4f6fdfbb1beb119ffd33ffc4706e7a358f6effefe362b6d668aea02198aa54afd71a920424dc499a88e895b37411911a0265d41fa86b40217a4d33edc3f8e25a04e309d17a90a93098d50bf1cb5756a775297b0f29a52718139fcf46eb750ed50efa95cdd88f1f14a34fb0db988d533b546afa25c4c018e6372baa762a1aef7aa20da75c269bdd188d6d1511cecef9f7d9bcc2e9265a0ba4046c226b0a29c30efa41b903640d63a7952e763e4d2f094146f4a3d7e804490d2e2317686512e98822b4df609cc28b3922a23e80fbf1b3e508bfd8251416ee1eaf246acaf6ec66a6325aaa5aae362b886ccc1b7b49817940024f957294e351c0a78ddae934be995dcd9de3efb36995d24cb407581cca554a49728fdc2440efceb4f05a652a1e06c708c1811837ded5e594d25b5830443310126923ed94fae13ea27954ed1e1061c8a0ca0e95d50836ab89b283040542957a5eaea7203ab52702492a2a2005a3a9eebb3908355adaec778741cfb5252ccf45cd47dbefde61bbecfcc2e9665a0ba40862a724c08e74eef9e9054004219a194185e424f1d2a08178c92284088fa56008789134817b082d2eb787262b72cc7d019aba9bcda4159093a8047022da92a167e6a27ae6b451d2b6a640d06dd044060a5fdcc70ec9e42a9a95cbe1ca5ca8604de421c1cb5bdbf5cadc42bdf7c397d99cc2e9465a0ba4006308edacd28499d506a174891ec59141c4e98f0412f2a0b68ab133e810fc0329c041f86d9e40ac048e0d1bbf8a6756d93db6648a1c65060760713ac925ba8755419b1ab69aacfeeb183566109a03e06e8a9bd428184ce72540bcb915f2c7b469dc9781a15a9b03befbc6d5730b38b6519a82e90e162edee1ce8e15ff4f8bb941440a913c1448a4a022852b9177aefb40d90812dbc4236d206059f008c5ed3635c40264520202fb8691bc072dccaeea1de51581c2f1021b14e4e275e77109d061d48970b982f467ea9189552cd690eb894a55c592edfb294d7d03d93a5b23eabbd975ffe4fbe97cc2e8e65a0ba4086ba69b60e05819c83e6cc524c422639546481821adc3f123ec95bf2183fc38677a9a3247f1284049bd3d342942b2b5128563d24276dcf093ad4ad22204ec227ae5cd1e0cb0972a8b6455d1b4c11f52a4839d56acb72f5001e75a38023d73857578d988e2671d86c39dda152abc56bafbe62a06676712c03d505b1f7e24ae3498c876301a2a88d4b319c30f570525b6486d3f3c70c3304ae810b71aca48a504bb4219332c2b59b4e29b8a773742e3d7a8e53096e4c7a5a2a96ac92702f3d7e4fdb506d97ae96e3e9e7d663a1883b998be586409717a060a0da67161c123d5163b45729adc4a83f8e23818a596fa8787078702095d5f77d6776312c03d505b10496a9e091b782221675fe8fef32c32753ab2194d644a0c8138b1296ac80a4a20094612528a1a6720212331f5381f3784c89e3b103e100ab2898a07ee8d1c3eff320681d7fb2348d9b4f3662f3d2623cf6d8868146ac8a9a513902e9c0496d8b505662a428944b0dc17029daed8e27a8c0fd1bebf8ae5cc1cc2e8e65a0ba208662eaf70672d54a76ae4847b08b2538904705928097ab780223b98700c6016f9d4f0f608a5319593ee6f898c1c8b8848cfd3b762229400286006e228039502e30d2a3c721fbdbed38d8e9eabd652031e53bcd3af8ae36ed6aeaa254df2c976a51cc57a35cddf400e5c3c3a6cbcc00bffbefdee16b6576412cabf0f990cd739b847476777662f7c14e0c04acfe60e0ca9e4c9bc51c7f7da6d0d2b651bf17bbfb7bf1c4ad27bd8d79f2f0cb183ab394a35ac2c840593829c4bf7ba91995ca8614161537290f9373ac8989403d53b1ced1e6180dfb82cd7a2caf5cd6fa9e6028b5545cd7b58ffc7f4a941a039c0114f131978dd176e265bb7b6fc79bf7fe431c1c7d233ef2fc87e3b33ff19928147271f5f2b5f8d29ffe33fe6e7f9465ffeeef6fb3d266a6a82e8ae9e1a7440baed61057cd6a0975925c399410b0184d27b152ada7348505541771f6547ec5a677d4d9702ca0903fa5f351570b52602cc499504fe8285215188a1372f196f45e2937a2d678222ad5eb51ca550436d21a50645a7c9ed498da6012894ab9e67d1c532aafc96d8d68b5dbd11f0e04aa62eced6ec75060cdec625806aa0b62c8e6ae94947123f00c8669fa765cbeb497ea9d0b523ca328d7abc1145b64a88b5db0c9ae1c99e900a520780cfb531d5f30ecde4b45d0bb56609f01488e95531ff4111772518de59612e8e8b3f3b98b2957cb19ef5ecf475da00472b8a4b4512dadaa9da2f3a78e0e0e0d3354ddf6fd7bdc766617c032505d000343b8530787fb86027128ea6332b46f228535d10ac36a1cf016a01a8d86e7d5034ea432102ff2183f2d50a7902fc470c8f099a240832aa2357a050156faecf17bc04a2fab35b97143b98d93d124c65274a96c312908ba17d2190424941d10e35a64cba30049feac96ea51ccd7a32557756fffd0ee21f7b4bfbb7bf6ed329b77cb4075018c94035e74efb77bdd180b4e85b2e020d5222ea558d2e989676941f9900785e461988dc7efa90dde8142eaf55b88fe88e3d2a4a2e7ca28b96fc9e563eebd4aa5ee7815667001343503b898cd869e418f15e465f7534a2996dceb0844816ae96c86655455b7db8b43669391cb474d777afe181294d9fc5b06aa0b624747ed28978a1e32c3b4eea81be0b128578c19612845ccf4eda28540267a89540c62062ab87feed9431f09424248e8f4c8152a512dd70d9d1cf1a45c5980aa4421578a4aa9e2a4514084e839a58a28ee213053bb0c3c2e5596a3b1b216956a4340aae87ec8502fe99e042c4085e2ca535141c0aaac4a899da4a9af9a4d6d5b722e15b1b6cce6df3250cdb9b95357ffddbd77271a1e9a42758234b898d9879de8793c89a11e7aea4fe50407f2aaa013004a9654120de1ca216226e353830db814cbd495228bbce8891778c7986599e0bdc714eadc635d93c9f800d0783a8a919411332e93cee0e1316a0be5c62d8b56526364bb27b555cad7745c357a9dae6b5201322642ed085c99cdbf65a0ba0066c7ef742146e38961410ca8282830eb0b8042e5d0e307d05051b87cb0020564702cf2c9bbad64264cc227e010f71a8efa91b7f2616a2dd4d789ae338a3e35d24743f718da75d4b12475e6cbd358d924fed477022ad7eff77a82d6305d807bd0820be938166e224aad548d4a793dbafd41ec1f1c38d08edada7e9005d42f8265a09a7b4b85f2503a8c8fa33430c5e878d0611341f489800194ac64040691cbc73afea475c04150ddea4c00994ce41a32df9e0884cb486e1519edb87f18ae25c173e048bbdc0341faa194da879e398ddbcf2dc5eda7eb861a6e27c5fbecc2717d1deb740501516b5a169cae502d2feb3bac1854ad663b3add8e87f91c495d65e3fee6df3250cdb9a1a626523880c324d2437d3a3dd103df176050310c4e9ec01f01c2a4109cd040327d0602c08a9e36e254b88023e750a5dae87c76af1ed16f41053859150936e7a0c3a523603f1a0ea3b9df8abe40d33aeae89894199fde8112e711bfa2d790ba58da47ec4bef4cf85029351ca7c2dddbdddd0d84de44f74e626a66f36dd9e40e0fd93cb6793c3d8dfdfdbdd8beb76315722cf5d3ebf5ada898c46124d78bec74266b18cbfda24ed5e6d6251ddb8a828031900b47d01d4584ba59928ad9be378eb7ef14a252685831d1fbb7b0b410b5524560c9792c9e56bc2f975f9402da33d89697afab9d4ed4e4fe158a57a3d71d81361d47ee15aa2b41b15c2c38cf6b24b792fa5563bdb73bfbce507fed8ddf8dad8d4afcd88f7e2abef4852f44ae548c4fbcf8c9b8f1f81367dff8fb96fd96dedf66a5cd4c51cdb139882d5574effe76301019c76c3499c650eed688180f80908cb1da920198428181c43ed9690da823bb85460a079fc6a07f6c95839a621f028c20bb8f914223cec53019729dc8b93a2fa857afadc4e6e6ed28579e158c365cc1c1f5ab5050b487b2e21a825c49b0a2b7cfedebfcbc7b18d7a2545a8956bb1307fb0782699af8211ba03cff96816ace0d95828b47f224911c7af44e0529060c4fb500076045ac891963c84f628cdda2e0e11aebdac93ea067374e10198e53ecc9ae9d60e7751def844f1d434c89f178f4d8d1ebe73604308e65dba2f6e121dadd63bb5eb87b9c572a573c9143ad5e777a83277d582a3af1b35edf8ae5ea7a0c469338d0ff890f0e0f0ddbace2e7fc5b06aa39367cfa838383d8dc588fe9506e1d2ed9598f1e3d6ec752578e530948b882e3c9389551a1ea81948d81a57d29304e5c8a7814c712374ae3fc52f22675a32a51a994a35a1360d406060c27c3896024504989e13e1e9f4cd4b6d6a5f4c8e1e27cb67bb88cd64955e03a869b1660488cab5e5d89d5faa5a856d6746785e8b47bb1b72797526d31037366f36d19a8e6d4c415f7d61d497990eb446a02ee9edd3381219f5f0aaa0a032b4a13a3ae8e051386b49c4875b934b1d48e5a71ce95e1e176710d99ae9dac7470967a083d51840ea7b639d9e224780244ae8d22023c4e1ef5d81cf072ea19903d5169b162579280fda0cff45843b7737a9cdc40ce2b3345fc92945abe1685a54af4fa7d816a3f86fd81a18b1acc6c7e2d03d5dc1ad5124831588ae601e587974c2fd48bc7f5090ab871a816f189c33dd8971554934ee63f030fe2a56132f4f849f92cca0dab2eab4d72a752fa018a0bd0b19f1a532e9667b78dccf2422c8a8ae452a961bb7d5ca3582c476379456edeb2804672276dc9749d346e308d052c08689e5442302b951a3aaf1efdc128f6e4fab5da4dbba6ada3470bca66369b96816a6e4d009ae0ba2d59edd0db87f270c13cc1aad31f3a0645cf1e795580239f2f58e99048899a3a216d4160715504624a0248af479a03394e11c5f31812b12a2dde8821c4442312412949ccec3568287a0df3d55eacaff705415d1f38e6493d283a3646e01fb0727e7229e562ea9e1a8d6543931ec56279cde56298f0a1dd6ac7fefe81bfdfd1d141ba7666736919a8e6d450380c9119f486d16977e284075fa0211b1d6153cc2d48950cdd3b479e15f1a242a91863b982e28341e59a546a0bc8606496773b02954042913ddc3594ce92c09682effa39e1e2c96d24385eabd6232f008962fea59d2c9ec6876f97e399a70b512ecbcd937b777874180341949967f285043e07dc75bf39018e76583f9e0a98528595ca4ad46b5b82eea9a0d989ddfd7dc7d6da4747fece99cda765a09a57d333fbf6db77ac58787e19c04be914d40f0174e2431c34d03ae5840114d9eb4efe3c49712702dba8289412900342e329630599b42162341d3ba89e2a2a0854fa3939202e578f1e3b1f3f1a5b99a5c94e4fe2f5570fe3cdd70fa2773488a220c7709c417f107d2df972c9938c527181d486b5b546546b1581548a507464484db55c8b6a75cdea8f3aea3b7b3beef53bd6bd4c2793f4dd339b3bcb40358786aea0a7aed3e945b7d78d429ef17953c78e480940991c35dbce71225b1c178b61300502df8201ee1fad702c4422dbfcdcab9b1c336983402210113cc745f3b4585ace270f6582076a5c0d18aa23386264a613649f2e5d8efbfbeb516b5c8d5241ee9e00883bca006766c85912580b45063ae705aa4aac2c93448ac2d21d2c4c637a7c14ddc19b6a6ba0efd68be651d32595b93f0fe5c96c2e2d03d51c1a2e10f19bf5f515bb7d3cc004d1e9f5eb4b5995a494fa839e61466cca655e8849e172e97cd40f4f3eb12940e25811ae9d5e274cef1e137f46f5503e983857554a88a9acd8e6109514196d701cb3c99caa2dc6f4e54e7251969a5b5a388d5c5190130c19cc6c774f27303819f7742a681d1c74e2feee7e1cb61fc4f6e1bf8dfda37f19bdced7d4cefd28150557b9acfdfe300e0f8e74cf693289cce6d316f4a3e67f9fefd9a3a6b4638f9a2a9fb5f968f6ff559bf57a3dbef7fa1b5a5b883b6fbd4d96671c755a06d8400f765e0a65fff0c0a909f2f3e2f0f0307a52279b97b60480a2f39238965eb7895c2a678e031aa9a4dffadd97e4da6d45bd71232ae58da895d7758edcb14a4db0c1ad64ea2dfda4f855012a816e2ce8ecefdf89adcd5bd168acb93d5cc45abd2818f15dc8d142b9e1e08da5feba72313b311cec456f7057bb77e5aad26b781247ad66dcbb7737eedebba7f5767cfca31f89cf7cfad3f1273ffff9b879eba958ddd8e4afc096fd96dedf66a5cd4c51cd99a19058ba72fbde7ef38d180cba713ea12859e2c7c7a3680b4ad5aadcb3e3542f6a4af6b8c0b4709a664af64060b2cd05197a0dad7604375cb02b57ebb15c6fca4d7b39f6f7fe65bcfee6ff12dffcee3f8e975ffbdfe38d3bff3af60ebf15dde1fde84f9b319af662309542f29cf00b311877a33d6c45a7df8a56bf19cdce7ebc7befa578eded7f1eafbca676befd3fc66bafff83b873f79f46b3fddbb154f86e5cbe7c12d7ae5f921bb816f9b31ec47299f7bcda24a0def7a40f03bd33db4d66f36999a27ac8e6a1cdb7a4a0fecf7ffe2f0492e3b872e54a542a54cc647697bce355c4758857d54a6507a2294fdcebb763d41fc4a52bd7f845b8ec4b8100b994cf90894571ffb40e6c760ff6adae700939773c19d9b5e41d778d1488a9b3d0c33d75ac4fa78b7132613a2db97c85a21499d45ae124aa65b2db47efa52830be8f6279698c60ded73c773789afb5db025cf3287676b6e3eedd7b716f7b27561a8df889cffc687cf9cb5f8ea79eb91d8f3d75dbf78965bfa5f7b7596933535473669d563ffee0a57f1ffff7d77e27befdad57e3febb77e348ae1d1514a8b8b9247533190fa2d3eb0836a93790ff5525a00850f93418d8b5c8b5236f45c5c064bdebb88a8052af57a3b15c8ff5cd35a99deb71ebd613f1e4531f8aa79ff9b09667e2f6eda7e3c9276fc68dc7afc4e52b2bb1b6be146b1ba7d158e9c7ea6a3f36b716e2e68d652d1bf1d86337e2c68deb82eaa5d8d8dcd0fe65fd78ebd1d0356ad5925ccaa2d5605eb02de496a2a8fb2be973a998f7e766bbe9491fbaddae6354aedc90d9dc5906aa3932dca2a79e7e2afeec577f316edebc15afbdfa4abcf2ca2bf1d61b6fc683fbf7a279742445d597fa9944b375e4203a5121c6d951f9932c75d2123cc1a8c0303939b61a433da15108b893e14e801cb7304f901d80081ed5b2c052a968a112675990a945a35697e2598e8df5cdb874e9525cbb762dae5dbd1a57af5e8ecd8db5a8d5757cb562578e29e4b97f626425b5876b47901e3756fa2cb99e5ae74670478169414aac3f1c458759948f0e0caaccfd9b4fcb4035474676f79654ce677ef2c7e30b3ffd95f8cc8ffd64b4e42ebdfe9defc4db6fbee569d0f7f776a3ab6d4d2fcd180f07d1eb76dc1bd8edb4bcbe40ba003d7f0ea82748e5c8c7a2a70e652529466f5f8215e9094b7e673bf0c8f359ae5b21b72868156359ea6865b9e165554bb5528e72a964a5447ba4440025c0771e0b7316fd491af283e2a3fa03395dc5921456a9e00597917b6b4b511d1d1dba17909a5a99cd9f65a09a137362a6ec588a68637d253efd639f8e1fffdce7e3ab3fff8bf1c33ff2a3b1bab619bdde3076b7f763e7c16eb40f5ab1b7bd13cd43a92c122627d338151cfa2306f932dc666c0585bb080018c8ecc91a748c932b8fc7761d515b8089eb730b843c2d7ce4620230a6812f160b0296c0249052098163690f18022686cd18805a7726baf6338c87b18aac2fa93dbba452597c467991b0ca36c6273a9faad58ea1a04b96bad32b329b2b5bfa35d9d9ba8da0e5a31a79338f62599b8f66ff6fdaf4c3ad8796879f9e3b923497eb8dd8d8d88cadcb57636beb725cd6fbd5ab37e582dd8ccb57aec58deb8fc5cdc76ec5ad279e8ac76e3c2657ac169d569a8aca49967a4719119f023283fe59dd2791081879488e544f1a989c20a53fa572a484740fef8146e7b387b680172ae8bc379153ce87dc701c41741ab76ad3671fa375e77909c28092323493d1c8f3fcf5fa031f7f656b2b6eddba15abab6b5191cb49203efb2dbdbfcd4a9b99a29a13e341e741c665e24106589e05590bf19fab57afc4e5ab9705a61bb1756923ea8d5a94aa65c143d09164f12c34fc1ca4845c274aa042290124c00284486360880d290da82043c8b01294b4a4596850540c70a644b1dc3fa99e623e4da385ab074018b2c382ab5aad12dbaaa65e3ffd68391758b18e6a620158c99564de3fbd4ba15179a1841ba8efc61c85dd7e2ffa3da9412943d7ddca6cae2c03d59c180f332ac6f5a046e3e89191deefbbce545fef1d2d13ed1fe01ea1483cfe4e0f35290672ed503fe3c9300d43116cf8cc316efb0c58b00cf72fc58db4088a76e108c6ab2d7d482ac830ca1b3ec4b6000a20657c1eb049f3ff555c608f81d08e3b09488690f6e1f6b1cec2e40fbcd3ae87d7a80d86deb08d767927884e226ba7d3d12d9c780aaecce6cbb2c91d1eb2596e1335351c8ea3dd6c39d9b3d7ee46bb2b3809428ce763ccdd783cb4e2eaf7089ef78850474eca89bc29dcbc4ea71977efbc19abeb6b76b9d2e060c6ffc9f5931adadbdd960b772a580834958add3ef6a3b95269185c3a5cc2546a980da82ef67b70b4de1d93922b77ee5a26178fa1342981939817544411124c47c15186866c792a36306969abd58afdfdddb877f76ebc73e7dd78b0bf1f2f7ef485f8dce73e175ffce24ff9de9e7efea306d7a358f65b7a34fb20dbcc14d59c985d3301478fbf55555fd0eaea81666aa976ab190707bb02583b0e0ff7ddc387fa1a8d069e28743c4d33be003282dff4e0010bcf9c2c45035c8099a822e010d44e8998fc079180519a080214a541cdf4e0a17e1c0417a488639504355496133aa58a0a6785f75cda05c5c4b5cea41b658e9d862005465caba8e32b25b9aaf4145a4d95bcd036ee624a066d398f0ac537c8a6d09a2bcb40352786faa0fa008174c0339d8c0c10e055d4038dcb26cec484891eb4de13c0c6f4f0094e13410a684db4a0705c1141e0c0250352e28edd2b1418edf08e2b863b871b89e2826d1ce8f3d1e8804efb31b2e2819a03e8da075cc8cf627fb948ec8ac91b700f99cb6f51402336858b978af1b93a83e0e45e415d979ebe944bc575533ed781a0dc66280d839a750dbe5f66f36319a8e6c0e08261428c4a8a823c28b29f981f8f92c32ee52280504e25a91462480b820371a04202c559ac87871f2376d56d779c14ea5c2a83461011f4885f8d0438e24100eb988a0ac0cdeda6f60d2c81257d4e4041f92c10efd28bfb3b2f27836a72705efbf2722b21aac71a9edd5b1ac22335264505d000951556a51a259245755cb3d5895ea72b0599065f13a74abd9099cd8365a09a03e3817442a416aa652e4a818c049d4eb767378d603ab947a821276e0a30961d8043004ac1f20557f464ee05c791f2292501e83048d9a90102d479af1eae1ed70442c00f15c6761a74cd2bc185948273856610697b525fc08bc079ea05249ee5de40b97bcc908c8282613a5dc0cabb67907a574b4b52563a0799854aa3e7afa2857b2487aadbebc4d161d3c0a5881e81fecce6c33250cd83a1a6a67a3001851eeeb69405ca87d404948e03e37ab05147ace30e02194880aae13389928cefcb194a0e7b1b4ceee1935273f54c9d4342291072ac0a88e9855a62e030ee995310cedc33ae6975a5cf40e9bd98136e1cf128bd0c2edd2380e358434c8b933aa5aed2f9b933a80988b4ad75521be805c4ad2d32a38ebe3a1392b6bb72f9749f27badface2e7fc5806aa3931dcbad198de3b41e33415c94311f5fb3d3fd4a80c6a9b133fa2272d0d8d49fffcb87b4e6dd07940cf4996c8193df0400717ee58fb5c1b1db0081c1c08170d332dc004d32683cccacac70a2c7ac79d635f32945c9a860b60baac8cce4945fa842f9dc331b4637791b6b4709fc4afeaf5e5042bc0e89c2a4150fb49fea41789ef37d632190cd2e5329b79cb4035e38622c2657382e794ea01e328e801ef4b5d8022cfdba707bc3fece933ea696c680003bb66e0c341f229b99e260d6e1ed20cf8b10e6270f5acc896d2b9281b0e26ed0015849b058850630934b08a2d3a8f9c2bb595e005048113004251f113d4b7d03ea72600272da82e32d6e91974c5848786cca0d44a4ef84cc3721c88e73b0efa4e5d20be066447827416a79a0fcb4035eba6e79032bcaefd2448f160e2c201181e5ca6a0eac81da2770ea5455917c2d83a497fe2faa186e4e6c94d345764b891c00957cb41704105f5c3c538845817efeecd93711c004aca8af5049a0426d4dad9763e9376e06380598a731968f2dd8867e5a5cc0095dbd071c9dd4bee236e25602a9571fd5817a80429b2d30118c9aced0e39624949e1d21ed34b99d9cc5b06aa39304f9c20570f376b38183a8e84da18f4fb068881a57fe9911e6460727cccacc9e9014670a096e8c5e3837b07f5d9d4027a021a0049a901524f5a884511bb8256c49c74a0c173ae8e388f73c88fc2ade37860c41c7ddaeb7543499fdfeb0d4461693101f9ac17c7ea4043cb2ea1d62903c379a51235dacf5515aa0b500da3d7ebba6204f700b4c799fb371796816ac68d87797aa6a0a6c4a8f450d303e62132da4befdf643aa2dca6d4544fb0597090997f7882d69e5c4100486e1e8e24d0f9be9aa23d0cd732ed95011d018a6d40c893903a487e16605f440111cf4215b18f091ef23a977653001e75c77ed493786270319372ea55d425745f5656f404f22e08d33e154049530050c4de2a55a68467cc623e4652940c0122978a7c320630338428b3d9b7ac14f143366b6da2a0c8257215815627dacd761c1ed13d3f8afd9dbd385e3889c3fd3d679c4b27b96e132e12b12c77f34b5dd97d13e41eececc470d48faada13333c2128712117b41310eedfbf6b572c47fe52b9227824778c317bb8632e5f4cbc4aede38e117f72434009a0e93a0b394151db50656c4341f11df809022dc60132389aecf805b982d4bfe23aa840a71ae897ca793d5cbc662b7677eec7fd07f7e23bdff9767cebdbdf8e3d7df7cf7cea53f1d35ffae9f8e4273fe9fba8d66af1f8ed0f1b7a7f9465bfa547b30fb2cd3ffa5f2fb3ffdf9b1f723dc00c2aa6970f05359d1e7bac1f8990eda3433dd872f3867dc7a03c80580b2e1c434d0006404119012d5415eb6c030e0689541749a3ee0594d4e11cda4a7126144f0a8ea7da5339c3c46de8854a023eae8040ac49fb922623e02ed001213e09946ce7de2caf0012d70774da676f503fd5745c525ff9fc925d3fa04985506089cb3b929bdb6eb51cf847894df577435c2eb3d9b60c54336c808ac1c6a79ed36ee2717dd22f76f78683811f70e0849a21d8eede342b98f3de3c3cc2a9d5508256820ee67d80432b3ed24170625467a90340eb4ca5c030e924818e0aa005a92686bea4d8925595dae418ab292dbe829a64ff1209505c57f703b45053b89ec4bc7c3f5ac7650451b88304fe5179408a213ec4ab80150175ee9914856e27d54f2798ceb91d013bb3d9b60c54336c8087b402e6cd4355d12d4f9ca6522ab9a78f2797580d657e49c82426c5c30c18cecf07069c0fb0ce83da6488a7c07982450a9c736c024f4ada4c099c5e505728265ad77ff4e4d1867bf6d8047024a79c462120a9256f433a012d20494e144a89827fd25b8e7511e4f735a19c0e64a0b2db52fb000aa5469dabf76a5de9fbb4e5065335818e04be0bae62bfddf17b66b36b19a866d4d2034b4fdec8a03991b2c2e5ea0f07313e1e19424c937eae5e00844eb27bc6838e2bc6bb7b0105b1a916d841bb8028414310513b4e2f10743cc4455061888b73b0749c010600d9076cb44e5e13d70158565e3a87ed069cd6393ea52ae88282091776a6bc565df245d74ceea4ce33a874186a4adb09cea701ccb928135427a08ea2129cd9462998c1682865458508dc47b52db738ab5135db96816a46cdf1298189044f2a5ca29c988c53cfba2b5dd20b863a4149183802c41458691db70f00a5d22cfc97625ba817e0313d11f8749203de7ad1b6e351028183e87a17397c7c4aca4c6e23bd7f5c8b63f1e87c8ffacc317619b51d283977ebccbd23b6853b4acf25504aaa8d6f9120c971282707f275bc01c6baae49cf9f61254505ac80607f388cb196ae541570e37ba1e426da96d9ec5a06aa19351e7c624b93c9c859e8c4a44aa582530fca52191db93ba80d624786881e7abaff5156ae7a004c4e516104d94fd2b83841c58a47c793814e1c88b894951160d183ef5e4251e85c2569abe3476970328a2d2572228f5078b87cb46f62b19db6018e3e39eea4f31155b86e000e30fa6c012b9547961a24b35def9442b6e20370fafea8b65225a52a385da1405962811b50f5ba7667715b714d07fa3bca6c762d03d58c1a0f7bbbd5967a18fb1f91a12386030fa71eec2501622497108102684693a91f6ef6f3e0d2754ff01b85945413bd860928c48b002180003e13ed4bee9de0a6173072ba81a0818b094f9c83a515d6010c40b42ef2bee4767a39338e33940433eec3edfb0cb581bad31ae0c2e82d647b72fd5055525f40339fca1b3b4e55a9383d0238d299d0ebf61c4ce71cb2f207bd9edbca6c362d03d58c1ad3a70ffbccc5d7b16bc6a49f87878751a9965dea84ee7a32d17950c9ab622809204179f18f4e7a022e18e001101ea377a6749890d448116038e7789886d4182dc81f7669bbe3495650da06b4a0229f80d7199c809939c39f3ae7fc7cf6b932032fb6e978dae4584acdd064724f292f2370699f2fa36d1e5263552545554e6aaa5e23ef4bf0559b4cef958ae831f5d7b1ee312ff599c5a966d93250cda8f5059a135cbfe1c8499ea80e1ee64ebb9b94d3719a938f87dde3fc70f1b46d2a3592cb3380570a83875f9f9daea07582d8c48970eb103fa82a07e50d897348011fbd9d412c7dc6b50458df8f4b710f40d26db81de24aa410d009c075d3b9da6118f189fbe0fd7cc80d2fee9f5c2c67beab1dd49c0be949091254af0950d54a4def7541baaab64efd7d193644222cd7f7f44dba5e6b7f9f5bcc6c062d9bdce1219b9536ebf57adcb9732f8ef6f65dbdb3d56cbb5ef872bd16bbda268239e6d4eab41cb7e9f78961253049e7e8c196f2984869140be2cd691c1decc7eefe5eacadafdb8d22f683422b7a46e34adcbb773ff2522b9e39c6bd6b79573220a04da1bbd483277525d70b88b99a82ae0324588011db392eb9874091635058fa7fa53e27a8a5603a504287e1de799fce73c6bade0115f79c8077e221330feebf1bdff8e6cbf17b5fff5abcf41fbf119f78fed9f8e8f3cfc7e7ffe417e3c6e38fbb4de75c2de563fdfa75dd0fa4fdbe65bfcf47b30fb2cd4c51cda00da8bb7470e87c210085bb837bb7bdbfeb09149a9db683e42810f2ab88e538dd40b22ba787d42ede990b46409d203540a077cc5ba570504f00c539540242ea918339bc2715c592e600d436fd9238c7ee9fde53b09dfc2dc0243ce2c2e1ea1932670172b5cf757d1db9afd08d7d720add1606cc802ee311315f53d7730a05b1b242ce70ad37ea5e801b0a0a17b7d56a46afd7f3df854e3c2b0e98e553cda265a09a41232ed56bb5626f772ff6e5ce1c085a053dc8eda3233da4fd280912943c61980920e8eb61658c1f8ffa79296282e11ef6621523370d35a4fd56472825b50154608c9e7e83238105a5447a4202957c460111709c27686a3b2f76e93a60877c2ef2b5381628b29d1c2702e92cdc23270035f6f39163d28f536da1cc740f6cf33ece15e80031e7a1f2aa958a97d5b5d5885259802243bda33648bd9838539d93e94cc86cf62c03d50cdaddbb770da863c76218a07be8b2c33cbca42514cb05ab081407641933f38cd40c05f47239fd93eb81256685e573451d91a00060e8e5834e40877503e34c4511174a965c2fb679c030ed69eb7b2accf021eea57d04ec810bbd91020cf5b1acb0cecfe3b39be43a70476d0038ed3b3e039f77ebe578973ed36be90453c18b7b23a6451e1503aa37d7b7e24f7ce14b71a0bf873dfd1d31ac8838d709b054bb565799cd9c65a09a3163884c47ca696777c720a8c8d52392de91bb572e159d66c0849d297e838a4840a00615e54fa08187b1e881a7b7d0a675000012484d301c504467ea05d7ceae9f409402ed04b3d34f877312dccec00695f41120e0c2890e3a220d7666180fc7030cee834450baf8382f4128a51f9ca74730a60f178f757aef9c55aff3a9958ecb9954d742e40aa428540daaa258fab35ff94adc78eae9b873f7ddb87fef4eb40e0f3d434daf4fca42e6facda265a09a313b904a681d35a3ac87994064a9a887f954ee95a8329e3008f744db0ff5702fca3dc4151c181a04a1799f8c268614b9463ce8a93730e54be1ce59adb0f059fb13cc04313ecb0c2cb6002f2dc083fd09565a4b87791d58022713cf884990b286f27e2d3e5e7fa82d800a24b926d8c4154489e962be9617d6d31df87ba0a64853a8d604aa6a55902b3a46f5b7ffcedf89d2f26a7cf3956fc5375efd66bcf1cedb31d0df4fb15ce68299cd9865a09a31db939222cb9a2a03cce137907a6256cfde90a03135d3193ed28ea1de494118a2225059fdc17b0fbe158d1e7283416d9e43c8950dceb3cee55aa1661807283e181c29cf8a79fe920be61e3bb740730922e7c35c683f4189f60192aec78b6ba7dda94dadb0381ec676b7a5fbe4830e04a49eb454d74cb3e8a4f6002347f007b0a47772797939ead54aec1fecc593b76ec57ff5f7ffebf89b7fefd7e22b3ff70bf1859ff933f1914fbc18cc6693d9ec5906aa19321efcdded0771d06a3a47880278edf6a1b793790d044602544efe0fae209f196c4c79e2b16045af17e820c7881a4d8e11e918d4186a0538a066a877ce71a82bb2c6214372ffc0483a0e48f0d9983a8b3b391b5d1b700bcfe107491c57f2c7b49f755c51e2664ee4640fcaed0c50e48019526e0fe04d5346bd7eadeeb5d3fdf20e30399b8c743a096a52546bcb8db87fe78edb446dd5eaf5d8d8dc7202ac5ddacc66d23250cd900193f5cd4b520c87b1bdbd2d58b5e3e8f0309aed664c26439736211d61490f32ca8ae7923a5574efa3be9881a6dfed3873db690402c1d0fb863cfb760f63f124723a8f471ae04c051326363d5750ae49250503a212e8040e58a6fdc0cadce178356830d8fd137038486a8dfde7aa6a1130e97c030bd811cb62dd6a09f8a57dde433b6adabd87dacfdf05f788d2e2bba094c8df59db588fdd9d5dedc96c9e2c03d58cd90b1fff587cec533f1c771f3c88bdbd3d8ff13b3a3cb0c240559100cabf2a50720e935ef408a601ba279eef8e63c713c045e03d4d7ec0c408d003ee205d0c0b41c133ce5889a4c44b23c440021b008d7de78a88f7a941c435e895f419eeede3380643d313a96d3ac6d5199057d04bf7ba48c00af8d116b0d391a82be7510948a08944d3f01845f2c2dc94bf1b151c6af5466c6d6c3a3697d97c5906aa193394c4cffeeccfc67ffbdfff7771fbf98f3846b5b7bd1b9da366749a47d163b6e0765beedec841e541af2b778e2a9ec756574cefce830da03a67150678daa93505d85cdc4ea00004b88c861de002527e8721964d7e771e16370658cee082dbc8f104b9399441d2bc338c8615da763e978ee5fab4e998d399f202a854264d712bae91e3645f9f0e8194382ad09db545435c8f5ebf4b972fcb052c7be2d5cce6c7f4dbe227f47d7bd49476ec5153e5b3361fcdfe9fb649dce5dd7776e2fffabddf8bd75e7d39b6efbeed007abd5209e1c6e57981133320574b259740e11fbb52294ba54ca3b1b26c85430f203b6af49cd56b512895ad5cf6f70fdc4b765eef096050fa05772b9f63eaf6f4ff3982ecb88d068e640ed0b0e2026a564d002e1d03f8accc209a7e7a7641b59e2b90304a5c297736bc276f65952f30f1684a2625a9d46e9fceb1c2729e189b4e05e4be87096def3c905b7c3f7ef28b7f2a9e79f639ef7f3fcb7e4b8f661f649b99a29a6123e85daa2ec7ad0f3d1b2ffec867e3735ffe6a7ce8b91763b1548fd1e4349aad6eb4a4b0a821de6e539eb7e7f9ffc8afa28471f3b019bbbbbb9e0b2f2f3030330d63f780c251b3e59e3a20444200065b000d702176752665bccf9249a0410d59116913ca8ced78770b4cc37cb68e3bcae1b87d76fd049a6301159504ac0090ab3ca0c0b49bba5b9c33d6bdf3ff55aa3b38760504751d72bd801871aa46ad1197b62e67f3f9cd9965a09a51b32bc6d0173dccc57c319657d7a254a9c5b51b8fc7134f3f1fb76e7f2cd62e3f1195e54bb150a8c6516f180702d6bdfdfd78f7dd77637bf7411c11849f2640f43b9de8b45bb1b3b31377debd1b94372e172b91a35e1534f03571f3041b2d6c339b746e5ad73692304fe59a1dd32603a3d3040bb86b94a5213582b818d77baf4c326dd12ae7ab1df74c8a569e5c548a113565586a49c7a3bef2069cb7eb9e48a300da5418ad371ab1b1bea9a344bccce6c63250cda8f170ea793734ca72e52c2df4a457ab3577c9339fddcada6a6c6c5e8a4b576ec4b5eb8fc7d5eb4fc495ab376375eb6ad49637e274311f03b9599dc1285afd511c48818da7c7d1682c0b1254514835d0191798f2aa18b6c215755d8102f72efd80e8af4bf0716d76590229e04a8175f7da6931f3380f352538710e3d92cecdd20b8195941963f4e4c00a6e5c03203a1ee5d3397fd1aa8a6bf399d22f8c67642ec2e5d5157f4efb339b07cb4035830600881bb9874d2ff29d881f15f490b2bd2e6545fc8ac949c9d6ae095ecbcb2bb1bcb2a6f7d5585d5d8db5f58dd8d8d8d4b2a575de37e5325d8a1541aaccccc385a2dac015c4fd222d413f9553ca0b9f65ab0b24c0c30a484058d03ae002378009d7d2ae9dee17e0a09608aa1b2ca827bd335018e0a08ad260e404300653d3d307febc5d6de3de3931546df85c7a0299d054f745522a7f0fa82a72a780354accbd8799cd8565a09a41f33017fdcb4da53ce8cd637207868ee0027aa0aee00264e859a3040af0caeb3335a6e819f32cc8541cd0035da9545c708ee3a83955d267cef3e0652101158352216b9d581266a52478001d2a27d8950354a4217098f603263045ce15f070efa14e075a008ae276b8864c4e41448b9991994967a2cf808ea03a30241b9db6c9ae7715067d69e750710f1c2f60e1900225d417c17ff6e72931a3fbc96c3e2c03d50c9a7bbf7888251878e8fd20eb214ebd69288c53c3c93d7404dc89f7942a768b505a408a1ae3c552c10174268360da7617c33bef4d3b830d7f900e8031bc0665c58fe6bcb654c215504a416fc0a11d0619fb7d1c4a4bed7a5206dc47ada3aa7c1e276aedbc2e16dbf94c5c8b2c7b60c7006460990c97109545bba79e71c6e7e8def87ba1909e36189024b266361f96816a060d98880131f0431952522816540da9007ab4ad6a160d26624dae2dce945339a65707584cd859748a01efec07042829dacbe95ccf6a2c65422503cac3183ce443e91ab8708e31b1080ae70a0b009d91c7e69e3948a6e350377ce61ecfc1c7f9a831cec0d5e37b011d8ea32d14976ec13d95800b48a29ae8ede3584e04c4fedef41c9ec5b3ace8f44506dd8eaf93d9ec5b06aa1934034140998c9938f4c4c366d0279e944180a1c638c6034becea7c724e625845a9260001b4ecd2a190d49edd251dcb67d2127877005c80a10c30c9953cfec4a71c73d20b170dc0b0002adc40bc4394119612362115d848ea8b7814db800be7700d5421fb398f7aee8c2f3410d53e6d30c92aebc4c3305413db758aef9d77be532cc82dd47ec7bae4ba8e8703832fb3d9b70c5433667eee049209f1173dace41be10a59dd683b6a04285955080a6284e1c0ecc6e7f12b1494762760e9413f2ff30b8c1cff4a1f7d7c028d5c292d6e5b402326e48c720ef275d209c7134ab2b049d7555b563ada7ea2ed095ab481eaa124b24f759b1c94141b3d84b88fc4a94e222fc01a667aa1eedc8e8e45cd0149daf7badcde517fe06b911ac1302286eff0f7c2f999cdbe65933b3c64b3d0268169e24badf630da5a761e3c90a299ba2242bbdd8c29c1683d9cdd6ecb0f3e0f3d816bf94b7eb809784f260329141e622a1224d0a40035837bf38682418752914ae29a80e75cc959bde89d8037b1a0943690520b0003c75b6d0914b88e3a21b5af93a6527f564a3aa3502efb1e898dd905d4359718cba79d64c9a3faa80f8f4bca750030ea8d9993c976a74792894b1926341e0ca3b15c83ca0ecc178a85582c5562edca75ffbdfd7196fd3e1fcd3ec83633453563867b87cb371c4c9ccdcd30197acd9013b87c068b1e6003482fa0e571757a7879b813a0e41aa1a4505edac63a416ebaf401925d39149b9ae55894128e9b6b8f4f051acaae48b9d013875bc6b841f69d2bb2545994212fe8305cc648839fd59e634cba3786e9802ef419e7e152badc8cb6d111807bc7d01e5413c0f3f7d635a8fa49263d6e202e2320e6bbe2f671dc70388ea1fe5eda836934362ea5bfb4cc66dc22fe33ac2b04535fbb41ca0000000049454e44ae426082, 3);
INSERT INTO `datos_personales` (`idDatos_Personales`, `Nombre_apellido`, `Fecha_Nacimiento`, `Sexo`, `Correo`, `Celular`, `Foto`, `idUsuario`) VALUES
(4, 'Juan Pérez', '1985-06-15 00:00:00', 1, 'juan.perez@example.com', '923456789', '', 14),
(5, 'Ana Gómez', '1979-03-22 00:00:00', 2, 'ana.gomez@example.com', '934567890', '', 15),
(6, 'Luis Fernández', '1990-10-22 00:00:00', 1, 'luis.fernandez@example.com', '945678901', '', 16),
(7, 'Marta Rodríguez', '1983-08-12 00:00:00', 2, 'marta.rodriguez@example.com', '956789012', '', 17),
(8, 'Carlos López', '1975-11-30 00:00:00', 1, 'carlos.lopez@example.com', '967890123', '', 18),
(13, 'Nombre Docente 2', '1989-12-12 00:00:00', 1, 'docente2@gmail.com', '987654320', 0x75706c6f6164732f70726f66696c655f746561636865722e706e67, 25),
(14, 'Juan Pérez', '2014-01-01 00:00:00', 1, 'juan.perez@example.com', '123456789', '', 4),
(15, 'Ana Gómez', '2014-02-02 00:00:00', 2, 'ana.gomez@example.com', '234567890', '', 5),
(16, 'Luis Fernández', '2015-03-03 00:00:00', 1, 'luis.fernandez@example.com', '345678901', '', 6),
(17, 'María Rodríguez', '2014-04-04 00:00:00', 2, 'maria.rodriguez@example.com', '456789012', '', 7),
(23, 'Nombre Estudiante 2', '2015-12-12 00:00:00', 1, 'estudiante2@gmail.com', NULL, 0x75706c6f6164732f70726f66696c655f73747564656e742e706e67, 31),
(24, 'Nombre Estudiante 2', '2015-12-12 00:00:00', 2, 'estudiante2@gmail.com', NULL, 0x75706c6f6164732f70726f66696c655f73747564656e742e706e67, 32),
(25, 'Nombre Estudiante 2', '2015-12-12 00:00:00', 2, 'estudiante2@gmail.com', NULL, 0x75706c6f6164732f70726f66696c655f73747564656e742e706e67, 33),
(26, 'Nombre Estudiante 2', '2015-12-12 00:00:00', 2, 'estudiante2@gmail.com', NULL, 0x75706c6f6164732f70726f66696c655f73747564656e742e706e67, 34),
(27, 'Nombre Estudiante 3', '2014-10-12 00:00:00', 2, 'estudiante3@gmail.com', NULL, 0x75706c6f6164732f70726f66696c655f73747564656e742e706e67, 35),
(28, 'Nombre Estudiante 3', '2014-10-12 00:00:00', 2, 'estudiante3@gmail.com', NULL, 0x75706c6f6164732f70726f66696c655f73747564656e742e706e67, 36),
(29, 'Nombre Estudiante 4', '2014-10-10 00:00:00', 2, 'estudiante4@gmail.com', NULL, 0x75706c6f6164732f70726f66696c655f73747564656e742e706e67, 37);

-- --------------------------------------------------------

--
-- Estructura de tabla para la tabla `datos_tutor`
--

CREATE TABLE `datos_tutor` (
  `idDatos_Tutor` int(11) NOT NULL,
  `Nombre_apellido` varchar(45) NOT NULL,
  `Celular` varchar(45) NOT NULL,
  `idParentesco` int(11) NOT NULL,
  `idUser_estudiante` int(11) NOT NULL
) ENGINE=InnoDB DEFAULT CHARSET=utf8mb4 COLLATE=utf8mb4_general_ci;

--
-- Volcado de datos para la tabla `datos_tutor`
--

INSERT INTO `datos_tutor` (`idDatos_Tutor`, `Nombre_apellido`, `Celular`, `idParentesco`, `idUser_estudiante`) VALUES
(1, 'Tutor Estudiante', '987654321', 2, 1),
(2, 'Tutor Estudiante 2', '976543210', 1, 1),
(3, 'Tutor Estudiante 3', '987654321', 2, 14),
(4, 'Tutor Estudiante 4', '987654321', 3, 15);

-- --------------------------------------------------------

--
-- Estructura de tabla para la tabla `departamento`
--

CREATE TABLE `departamento` (
  `idDepartamento` int(11) NOT NULL,
  `Descripcion` varchar(45) NOT NULL
) ENGINE=InnoDB DEFAULT CHARSET=utf8mb4 COLLATE=utf8mb4_general_ci;

--
-- Volcado de datos para la tabla `departamento`
--

INSERT INTO `departamento` (`idDepartamento`, `Descripcion`) VALUES
(1, 'Amazonas'),
(2, 'Áncash'),
(3, 'Apurímac'),
(4, 'Arequipa'),
(5, 'Ayacucho'),
(6, 'Cajamarca'),
(7, 'Callao'),
(8, 'Cusco'),
(9, 'Huancavelica'),
(10, 'Huánuco'),
(11, 'Ica'),
(12, 'Junín'),
(13, 'La Libertad'),
(14, 'Lambayeque'),
(15, 'Lima'),
(16, 'Loreto'),
(17, 'Madre de Dios'),
(18, 'Moquegua'),
(19, 'Pasco'),
(20, 'Piura'),
(21, 'Puno'),
(22, 'San Martín'),
(23, 'Tacna'),
(24, 'Tumbes'),
(25, 'Ucayali');

-- --------------------------------------------------------

--
-- Estructura de tabla para la tabla `dia`
--

CREATE TABLE `dia` (
  `idDia` int(11) NOT NULL,
  `Descripcion` varchar(45) NOT NULL
) ENGINE=InnoDB DEFAULT CHARSET=utf8mb4 COLLATE=utf8mb4_general_ci;

--
-- Volcado de datos para la tabla `dia`
--

INSERT INTO `dia` (`idDia`, `Descripcion`) VALUES
(1, 'Lunes'),
(2, 'Martes'),
(3, 'Miercoles'),
(4, 'Jueves'),
(5, 'Viernes');

-- --------------------------------------------------------

--
-- Estructura de tabla para la tabla `distrito`
--

CREATE TABLE `distrito` (
  `idDistrito` int(11) NOT NULL,
  `Descripcion` varchar(45) NOT NULL,
  `idProvincia` int(11) NOT NULL
) ENGINE=InnoDB DEFAULT CHARSET=utf8mb4 COLLATE=utf8mb4_general_ci;

--
-- Volcado de datos para la tabla `distrito`
--

INSERT INTO `distrito` (`idDistrito`, `Descripcion`, `idProvincia`) VALUES
(1215, 'Chiclayo', 125),
(1216, 'Chongoyape', 125),
(1217, 'Eten', 125),
(1218, 'Lambayeque', 125),
(1219, 'Pítipo', 125),
(1220, 'Reque', 125),
(1221, 'San José', 125),
(1222, 'San Ignacio', 125),
(1223, 'Ferreñafe', 126),
(1224, 'Cañaris', 126),
(1225, 'Imabura', 126),
(1226, 'Túcume', 126),
(1227, 'Lambayeque', 127),
(1238, 'Monsefu', 125);

-- --------------------------------------------------------

--
-- Estructura de tabla para la tabla `estudiante_horario`
--

CREATE TABLE `estudiante_horario` (
  `idUser_estudiante` int(11) NOT NULL,
  `idHorario` int(11) NOT NULL
) ENGINE=InnoDB DEFAULT CHARSET=utf8mb4 COLLATE=utf8mb4_general_ci;

-- --------------------------------------------------------

--
-- Estructura de tabla para la tabla `evaluacion`
--

CREATE TABLE `evaluacion` (
  `idEvaluacion` int(11) NOT NULL,
  `Descripcion` varchar(45) NOT NULL,
  `Fecha` date DEFAULT NULL,
  `idTipo_evaluacion` int(11) NOT NULL
) ENGINE=InnoDB DEFAULT CHARSET=utf8mb4 COLLATE=utf8mb4_general_ci;

--
-- Volcado de datos para la tabla `evaluacion`
--

INSERT INTO `evaluacion` (`idEvaluacion`, `Descripcion`, `Fecha`, `idTipo_evaluacion`) VALUES
(1, 'Descripción de la tarea', '2024-08-08', 1),
(2, 'Descripción del examen', '2024-08-08', 2),
(3, 'Descripción de la Exposición', '2024-08-08', 3),
(4, 'Descripción de Examen', '2024-08-09', 2),
(5, 'Descripción de Examen', '2024-08-09', 2);

-- --------------------------------------------------------

--
-- Estructura de tabla para la tabla `formacion_academica`
--

CREATE TABLE `formacion_academica` (
  `idFormacion_academica` int(11) NOT NULL,
  `Edu_secundaria` varchar(45) NOT NULL,
  `Direccion_secundaria` varchar(45) DEFAULT NULL,
  `Edu_superior` varchar(45) NOT NULL,
  `Direccion_superior` varchar(45) DEFAULT NULL,
  `idUser_maestro` int(11) NOT NULL
) ENGINE=InnoDB DEFAULT CHARSET=utf8mb4 COLLATE=utf8mb4_general_ci;

--
-- Volcado de datos para la tabla `formacion_academica`
--

INSERT INTO `formacion_academica` (`idFormacion_academica`, `Edu_secundaria`, `Direccion_secundaria`, `Edu_superior`, `Direccion_superior`, `idUser_maestro`) VALUES
(1, 'Colegio Secundario', 'Dirección Colegio #123', 'Universidad Nacional Pedro Ruiz Gallo', 'Juan XXIII 391, Lambayeque 14013', 1),
(6, 'Secundaria', 'Direccion Secundaria', 'Universidad', 'Direccion universidad', 10);

-- --------------------------------------------------------

--
-- Estructura de tabla para la tabla `grado`
--

CREATE TABLE `grado` (
  `idGrado` int(11) NOT NULL,
  `NroGrado` int(11) NOT NULL,
  `Seccion` varchar(2) NOT NULL
) ENGINE=InnoDB DEFAULT CHARSET=utf8mb4 COLLATE=utf8mb4_general_ci;

--
-- Volcado de datos para la tabla `grado`
--

INSERT INTO `grado` (`idGrado`, `NroGrado`, `Seccion`) VALUES
(1, 1, 'A'),
(2, 1, 'B'),
(3, 1, 'C'),
(4, 1, 'D'),
(5, 1, 'E'),
(6, 1, 'F'),
(7, 2, 'A'),
(8, 2, 'B'),
(9, 2, 'C'),
(10, 2, 'D'),
(11, 2, 'E'),
(12, 2, 'F'),
(13, 3, 'A'),
(14, 3, 'B'),
(15, 3, 'C'),
(16, 3, 'D'),
(17, 3, 'E'),
(18, 3, 'F'),
(19, 4, 'A'),
(20, 4, 'B'),
(21, 4, 'C'),
(22, 4, 'D'),
(23, 4, 'E'),
(24, 4, 'F'),
(25, 5, 'A'),
(26, 5, 'B'),
(27, 5, 'C'),
(28, 5, 'D'),
(29, 5, 'E'),
(30, 5, 'F'),
(31, 6, 'A'),
(32, 6, 'B'),
(33, 6, 'C'),
(34, 6, 'D'),
(35, 6, 'E'),
(36, 6, 'F');

-- --------------------------------------------------------

--
-- Estructura de tabla para la tabla `horario`
--

CREATE TABLE `horario` (
  `idHorario` int(11) NOT NULL,
  `idCurso` int(11) NOT NULL,
  `idDia` int(11) NOT NULL,
  `Hora_inicio` time DEFAULT NULL,
  `Hora_final` time DEFAULT NULL,
  `idGrado` int(11) NOT NULL,
  `Turno` int(11) NOT NULL
) ENGINE=InnoDB DEFAULT CHARSET=utf8mb4 COLLATE=utf8mb4_general_ci;

--
-- Volcado de datos para la tabla `horario`
--

INSERT INTO `horario` (`idHorario`, `idCurso`, `idDia`, `Hora_inicio`, `Hora_final`, `idGrado`, `Turno`) VALUES
(18, 1, 1, '08:00:00', '10:00:00', 19, 1),
(19, 2, 1, '10:40:00', '12:00:00', 19, 1),
(20, 3, 1, '12:00:00', '13:20:00', 19, 1),
(21, 4, 2, '08:00:00', '10:00:00', 19, 1),
(22, 5, 2, '10:40:00', '12:00:00', 19, 1),
(23, 6, 2, '12:00:00', '13:20:00', 19, 1),
(24, 7, 3, '08:00:00', '08:40:00', 19, 1),
(25, 8, 3, '08:40:00', '10:00:00', 19, 1),
(27, 3, 3, '10:40:00', '12:00:00', 19, 1),
(28, 2, 3, '12:00:00', '13:20:00', 19, 1),
(29, 13, 4, '08:00:00', '10:00:00', 19, 1),
(30, 8, 4, '10:40:00', '11:20:00', 19, 1),
(31, 4, 4, '11:20:00', '13:20:00', 19, 1),
(32, 8, 1, '08:00:00', '08:40:00', 7, 1),
(33, 1, 1, '08:00:00', '10:00:00', 22, 2);

-- --------------------------------------------------------

--
-- Estructura de tabla para la tabla `maestro_horario`
--

CREATE TABLE `maestro_horario` (
  `idUser_maestro` int(11) NOT NULL,
  `idHorario` int(11) NOT NULL
) ENGINE=InnoDB DEFAULT CHARSET=utf8mb4 COLLATE=utf8mb4_general_ci;

--
-- Volcado de datos para la tabla `maestro_horario`
--

INSERT INTO `maestro_horario` (`idUser_maestro`, `idHorario`) VALUES
(1, 18),
(1, 19),
(1, 20),
(1, 21),
(1, 22),
(1, 24),
(1, 27),
(1, 28),
(1, 29),
(1, 31),
(2, 23),
(3, 25),
(3, 30),
(3, 32),
(5, 33);

-- --------------------------------------------------------

--
-- Estructura de tabla para la tabla `parentesco`
--

CREATE TABLE `parentesco` (
  `idParentesco` int(11) NOT NULL,
  `Descripcion` varchar(45) NOT NULL
) ENGINE=InnoDB DEFAULT CHARSET=utf8mb4 COLLATE=utf8mb4_general_ci;

--
-- Volcado de datos para la tabla `parentesco`
--

INSERT INTO `parentesco` (`idParentesco`, `Descripcion`) VALUES
(1, 'Padre'),
(2, 'Madre'),
(3, 'Hermano(a)'),
(4, 'Tío(a)'),
(5, 'Abuelo(a)'),
(6, 'Otro');

-- --------------------------------------------------------

--
-- Estructura de tabla para la tabla `perfil`
--

CREATE TABLE `perfil` (
  `idPerfil` int(11) NOT NULL,
  `Descripcion` varchar(45) NOT NULL
) ENGINE=InnoDB DEFAULT CHARSET=utf8mb4 COLLATE=utf8mb4_general_ci;

--
-- Volcado de datos para la tabla `perfil`
--

INSERT INTO `perfil` (`idPerfil`, `Descripcion`) VALUES
(1, 'Administrador'),
(2, 'Estudiante'),
(3, 'Docente');

-- --------------------------------------------------------

--
-- Estructura de tabla para la tabla `perfil_educativo`
--

CREATE TABLE `perfil_educativo` (
  `idPerfil_educativo` int(11) NOT NULL,
  `Especializacion` varchar(45) DEFAULT NULL,
  `Titulo_profesional` varchar(45) NOT NULL,
  `idDia` int(11) NOT NULL,
  `hora_inicio_atencion` time DEFAULT NULL,
  `hora_fin_atencion` time DEFAULT NULL,
  `idUser_maestro` int(11) NOT NULL
) ENGINE=InnoDB DEFAULT CHARSET=utf8mb4 COLLATE=utf8mb4_general_ci;

--
-- Volcado de datos para la tabla `perfil_educativo`
--

INSERT INTO `perfil_educativo` (`idPerfil_educativo`, `Especializacion`, `Titulo_profesional`, `idDia`, `hora_inicio_atencion`, `hora_fin_atencion`, `idUser_maestro`) VALUES
(1, 'Educación Primaria', 'Licenciada en Educación Primaria', 4, '16:00:00', '18:00:00', 1),
(3, 'Profesor primaria', 'Profesional de Docencia', 1, '08:00:00', '10:00:00', 10);

-- --------------------------------------------------------

--
-- Estructura de tabla para la tabla `provincia`
--

CREATE TABLE `provincia` (
  `idProvincia` int(11) NOT NULL,
  `Descripcion` varchar(45) NOT NULL,
  `idDepartamento` int(11) NOT NULL
) ENGINE=InnoDB DEFAULT CHARSET=utf8mb4 COLLATE=utf8mb4_general_ci;

--
-- Volcado de datos para la tabla `provincia`
--

INSERT INTO `provincia` (`idProvincia`, `Descripcion`, `idDepartamento`) VALUES
(1, 'Chachapoyas', 1),
(2, 'Bagua', 1),
(3, 'Bongará', 1),
(4, 'Condorcanqui', 1),
(5, 'Luya', 1),
(6, 'Rodríguez de Mendoza', 1),
(7, 'Utcubamba', 1),
(8, 'Huaraz', 2),
(9, 'Aija', 2),
(10, 'Antonio Raymondi', 2),
(11, 'Asunción', 2),
(12, 'Bolognesi', 2),
(13, 'Carhuaz', 2),
(14, 'Carlos Fermín Fitzcarrald', 2),
(15, 'Casma', 2),
(16, 'Corongo', 2),
(17, 'Huari', 2),
(18, 'Huarmey', 2),
(19, 'Huaylas', 2),
(20, 'Mariscal Luzuriaga', 2),
(21, 'Ocros', 2),
(22, 'Pallasca', 2),
(23, 'Pomabamba', 2),
(24, 'Recuay', 2),
(25, 'Santa', 2),
(26, 'Sihuas', 2),
(27, 'Yungay', 2),
(28, 'Abancay', 3),
(29, 'Andahuaylas', 3),
(30, 'Antabamba', 3),
(31, 'Aymaraes', 3),
(32, 'Cotabambas', 3),
(33, 'Chincheros', 3),
(34, 'Grau', 3),
(35, 'Arequipa', 4),
(36, 'Camana', 4),
(37, 'Caraveli', 4),
(38, 'Castilla', 4),
(39, 'Caylloma', 4),
(40, 'Condesuyos', 4),
(41, 'Islay', 4),
(42, 'La Union', 4),
(43, 'Huamanga', 5),
(44, 'Cangallo', 5),
(45, 'Huanca Sancos', 5),
(46, 'Huanta', 5),
(47, 'La Mar', 5),
(48, 'Lucanas', 5),
(49, 'Parinacochas', 5),
(50, 'Paucar del Sara Sara', 5),
(51, 'Sucre', 5),
(52, 'Victor Fajardo', 5),
(53, 'Vilcas Huaman', 5),
(54, 'Cajamarca', 6),
(55, 'Cajabamba', 6),
(56, 'Celendin', 6),
(57, 'Chota', 6),
(58, 'Contumaza', 6),
(59, 'Cutervo', 6),
(60, 'Hualgayoc', 6),
(61, 'Jaen', 6),
(62, 'San Ignacio', 6),
(63, 'San Marcos', 6),
(64, 'San Miguel', 6),
(65, 'San Pablo', 6),
(66, 'Santa Cruz', 6),
(67, 'Callao', 7),
(68, 'Cusco', 8),
(69, 'Acomayo', 8),
(70, 'Anta', 8),
(71, 'Calca', 8),
(72, 'Canas', 8),
(73, 'Canchis', 8),
(74, 'Chumbivilcas', 8),
(75, 'Espinar', 8),
(76, 'La Convención', 8),
(77, 'Paruro', 8),
(78, 'Paucartambo', 8),
(79, 'Quispicanchi', 8),
(80, 'Urubamba', 8),
(81, 'Huancavelica', 9),
(82, 'Acobamba', 9),
(83, 'Angaraes', 9),
(84, 'Castrovirreyna', 9),
(85, 'Churcampa', 9),
(86, 'Huaytara', 9),
(87, 'Tayacaja', 9),
(88, 'Huánuco', 10),
(89, 'Ambo', 10),
(90, 'Dos de Mayo', 10),
(91, 'Huacaybamba', 10),
(92, 'Huamalies', 10),
(93, 'Leoncio Prado', 10),
(94, 'Marañón', 10),
(95, 'Pachitea', 10),
(96, 'Puerto Inca', 10),
(97, 'Lauricocha', 10),
(98, 'Yarowilca', 10),
(99, 'Ica', 11),
(100, 'Chincha', 11),
(101, 'Nazca', 11),
(102, 'Palpa', 11),
(103, 'Pisco', 11),
(104, 'Huancayo', 12),
(105, 'Concepcion', 12),
(106, 'Chanchamayo', 12),
(107, 'Jauja', 12),
(108, 'Junín', 12),
(109, 'Satipo', 12),
(110, 'Tarma', 12),
(111, 'Yauli', 12),
(112, 'Chupaca', 12),
(113, 'Trujillo', 13),
(114, 'Ascope', 13),
(115, 'Bolívar', 13),
(116, 'Chepen', 13),
(117, 'Julcan', 13),
(118, 'Otuzco', 13),
(119, 'Pacasmayo', 13),
(120, 'Pataz', 13),
(121, 'Sanchez Carrion', 13),
(122, 'Santiago de Chuco', 13),
(123, 'Gran Chimu', 13),
(124, 'Virú', 13),
(125, 'Chiclayo', 14),
(126, 'Ferreñafe', 14),
(127, 'Lambayeque', 14),
(128, 'Lima', 15),
(129, 'Barranca', 15),
(130, 'Cajatambo', 15),
(131, 'Canta', 15),
(132, 'Cañete', 15),
(133, 'Huaral', 15),
(134, 'Huarochiri', 15),
(135, 'Huaura', 15),
(136, 'Oyon', 15),
(137, 'Yauyos', 15),
(138, 'Maynas', 16),
(139, 'Alto Amazonas', 16),
(140, 'Loreto', 16),
(141, 'Mariscal Ramon Castilla', 16),
(142, 'Requena', 16),
(143, 'Ucayali', 16),
(144, 'Datem del Marañón', 16),
(145, 'Tambopata', 17),
(146, 'Manu', 17),
(147, 'Tahuamanu', 17),
(148, 'Mariscal Nieto', 18),
(149, 'General Sanchez Cerro', 18),
(150, 'Ilo', 18),
(151, 'Pasco', 19),
(152, 'Daniel Alcides Carrión', 19),
(153, 'Oxapampa', 19),
(154, 'Piura', 20),
(155, 'Ayabaca', 20),
(156, 'Huancabamba', 20),
(157, 'Morropón', 20),
(158, 'Paita', 20),
(159, 'Sullana', 20),
(160, 'Talara', 20),
(161, 'Sechura', 20),
(162, 'Puno', 21),
(163, 'Azangaro', 21),
(164, 'Carabaya', 21),
(165, 'Chucuito', 21),
(166, 'El Collao', 21),
(167, 'Huancane', 21),
(168, 'Lampa', 21),
(169, 'Melgar', 21),
(170, 'Moho', 21),
(171, 'San Antonio de Putina', 21),
(172, 'San Roman', 21),
(173, 'Sandia', 21),
(174, 'Yunguyo', 21),
(175, 'Moyobamba', 22),
(176, 'Bellavista', 22),
(177, 'El Dorado', 22),
(178, 'Huallaga', 22),
(179, 'Lamas', 22),
(180, 'Mariscal Cáceres', 22),
(181, 'Picota', 22),
(182, 'Rioja', 22),
(183, 'San Martín', 22),
(184, 'Tocache', 22),
(185, 'Tacna', 23),
(186, 'Candarave', 23),
(187, 'Jorge Basadre', 23),
(188, 'Tarata', 23),
(189, 'Tumbes', 24),
(190, 'Contralmirante Villar', 24),
(191, 'Zarumilla', 24),
(192, 'Coronel Portillo', 25),
(193, 'Atalaya', 25),
(194, 'Padre Abad', 25),
(195, 'Purus', 25);

-- --------------------------------------------------------

--
-- Estructura de tabla para la tabla `tipo_evaluacion`
--

CREATE TABLE `tipo_evaluacion` (
  `idTipo_evaluacion` int(11) NOT NULL,
  `Descripcion` varchar(50) NOT NULL
) ENGINE=InnoDB DEFAULT CHARSET=utf8mb4 COLLATE=utf8mb4_general_ci;

--
-- Volcado de datos para la tabla `tipo_evaluacion`
--

INSERT INTO `tipo_evaluacion` (`idTipo_evaluacion`, `Descripcion`) VALUES
(1, 'Tarea'),
(2, 'Exámen'),
(3, 'Exposición');

-- --------------------------------------------------------

--
-- Estructura de tabla para la tabla `user_estudiante`
--

CREATE TABLE `user_estudiante` (
  `idUser_estudiante` int(11) NOT NULL,
  `idGrado` int(11) NOT NULL,
  `idUsuario` int(11) NOT NULL
) ENGINE=InnoDB DEFAULT CHARSET=utf8mb4 COLLATE=utf8mb4_general_ci;

--
-- Volcado de datos para la tabla `user_estudiante`
--

INSERT INTO `user_estudiante` (`idUser_estudiante`, `idGrado`, `idUsuario`) VALUES
(1, 19, 2),
(2, 19, 4),
(3, 19, 5),
(4, 19, 6),
(5, 19, 7),
(6, 25, 8),
(7, 31, 9),
(8, 1, 10),
(9, 13, 11),
(10, 8, 12),
(11, 8, 13),
(12, 7, 34),
(13, 8, 35),
(14, 8, 36),
(15, 9, 37);

-- --------------------------------------------------------

--
-- Estructura de tabla para la tabla `user_maestro`
--

CREATE TABLE `user_maestro` (
  `idUser_maestro` int(11) NOT NULL,
  `idUsuario` int(11) NOT NULL
) ENGINE=InnoDB DEFAULT CHARSET=utf8mb4 COLLATE=utf8mb4_general_ci;

--
-- Volcado de datos para la tabla `user_maestro`
--

INSERT INTO `user_maestro` (`idUser_maestro`, `idUsuario`) VALUES
(1, 3),
(2, 14),
(3, 15),
(4, 16),
(5, 17),
(6, 18),
(10, 25);

-- --------------------------------------------------------

--
-- Estructura de tabla para la tabla `usuario`
--

CREATE TABLE `usuario` (
  `idUsuario` int(11) NOT NULL,
  `User_dni` varchar(45) NOT NULL,
  `User_password` varchar(45) NOT NULL,
  `idPerfil` int(11) NOT NULL
) ENGINE=InnoDB DEFAULT CHARSET=utf8mb4 COLLATE=utf8mb4_general_ci;

--
-- Volcado de datos para la tabla `usuario`
--

INSERT INTO `usuario` (`idUsuario`, `User_dni`, `User_password`, `idPerfil`) VALUES
(1, '23456789', '32250170a0dca92d53ec9624f336ca24', 1),
(2, '12345678', '32250170a0dca92d53ec9624f336ca24', 2),
(3, '87654321', '32250170a0dca92d53ec9624f336ca24', 3),
(4, '23456780', '32250170a0dca92d53ec9624f336ca24', 2),
(5, '23456781', '32250170a0dca92d53ec9624f336ca24', 2),
(6, '23456782', '32250170a0dca92d53ec9624f336ca24', 2),
(7, '23456783', '32250170a0dca92d53ec9624f336ca24', 2),
(8, '23456784', '32250170a0dca92d53ec9624f336ca24', 2),
(9, '23456785', '32250170a0dca92d53ec9624f336ca24', 2),
(10, '23456786', '32250170a0dca92d53ec9624f336ca24', 2),
(11, '23456787', '32250170a0dca92d53ec9624f336ca24', 2),
(12, '23456788', '32250170a0dca92d53ec9624f336ca24', 2),
(13, '23456789', '32250170a0dca92d53ec9624f336ca24', 2),
(14, '34567890', '32250170a0dca92d53ec9624f336ca24', 3),
(15, '34567891', '32250170a0dca92d53ec9624f336ca24', 3),
(16, '34567892', '32250170a0dca92d53ec9624f336ca24', 3),
(17, '34567893', '32250170a0dca92d53ec9624f336ca24', 3),
(18, '34567894', '32250170a0dca92d53ec9624f336ca24', 3),
(19, '45678901', '32250170a0dca92d53ec9624f336ca24', 1),
(25, '11111111', 'bac363ad53ee1c18f64a192698c4c114', 3),
(31, '2222222', 'pass123', 3),
(32, '2222222', '32250170a0dca92d53ec9624f336ca24', 3),
(33, '2222222', '32250170a0dca92d53ec9624f336ca24', 3),
(34, '2222222', '32250170a0dca92d53ec9624f336ca24', 3),
(35, '3333333', '32250170a0dca92d53ec9624f336ca24', 3),
(36, '3333333', '32250170a0dca92d53ec9624f336ca24', 3),
(37, '4444444', '32250170a0dca92d53ec9624f336ca24', 3);

--
-- Índices para tablas volcadas
--

--
-- Indices de la tabla `asistencia`
--
ALTER TABLE `asistencia`
  ADD PRIMARY KEY (`idAsistencia`,`idUser_estudiante`),
  ADD KEY `fk_Asistencia_User_estudiante_idx` (`idUser_estudiante`);

--
-- Indices de la tabla `calificacion`
--
ALTER TABLE `calificacion`
  ADD PRIMARY KEY (`idCalificacion`,`idEvaluacion`,`idUser_estudiante`),
  ADD KEY `fk_Calificacion_Tipo_Evaluacion1_idx` (`idEvaluacion`),
  ADD KEY `fk_Calificacion_User_estudiante1_idx` (`idUser_estudiante`),
  ADD KEY `fk_curso` (`idCurso`);

--
-- Indices de la tabla `curso`
--
ALTER TABLE `curso`
  ADD PRIMARY KEY (`idCurso`);

--
-- Indices de la tabla `datos_domicilio`
--
ALTER TABLE `datos_domicilio`
  ADD PRIMARY KEY (`idDatos_Domicilio`,`idDepartamento`,`idProvincia`,`idDistrito`,`idUsuario`),
  ADD KEY `fk_Datos_Domicilio_Usuario1_idx` (`idUsuario`),
  ADD KEY `fk_Datos_Domicilio_Departamento1_idx` (`idDepartamento`),
  ADD KEY `fk_Datos_Domicilio_Provincia1_idx` (`idProvincia`),
  ADD KEY `fk_Datos_Domicilio_Distrito1_idx` (`idDistrito`);

--
-- Indices de la tabla `datos_personales`
--
ALTER TABLE `datos_personales`
  ADD PRIMARY KEY (`idDatos_Personales`,`idUsuario`),
  ADD KEY `fk_Datos_Personales_Usuario1_idx` (`idUsuario`);

--
-- Indices de la tabla `datos_tutor`
--
ALTER TABLE `datos_tutor`
  ADD PRIMARY KEY (`idDatos_Tutor`,`idParentesco`,`idUser_estudiante`),
  ADD KEY `fk_Datos_Tutor_User_estudiante1_idx` (`idUser_estudiante`),
  ADD KEY `fk_Datos_Tutor_Parentesco1_idx` (`idParentesco`);

--
-- Indices de la tabla `departamento`
--
ALTER TABLE `departamento`
  ADD PRIMARY KEY (`idDepartamento`);

--
-- Indices de la tabla `dia`
--
ALTER TABLE `dia`
  ADD PRIMARY KEY (`idDia`);

--
-- Indices de la tabla `distrito`
--
ALTER TABLE `distrito`
  ADD PRIMARY KEY (`idDistrito`,`idProvincia`),
  ADD KEY `fk_Distrito_Provincia1_idx` (`idProvincia`);

--
-- Indices de la tabla `estudiante_horario`
--
ALTER TABLE `estudiante_horario`
  ADD PRIMARY KEY (`idUser_estudiante`,`idHorario`),
  ADD KEY `fk_Datos_curso_has_User_estudiante_User_estudiante1_idx` (`idUser_estudiante`),
  ADD KEY `fk_Estudiante_Curso_Horario1_idx` (`idHorario`);

--
-- Indices de la tabla `evaluacion`
--
ALTER TABLE `evaluacion`
  ADD PRIMARY KEY (`idEvaluacion`),
  ADD KEY `fk_tipo_evaluacion` (`idTipo_evaluacion`);

--
-- Indices de la tabla `formacion_academica`
--
ALTER TABLE `formacion_academica`
  ADD PRIMARY KEY (`idFormacion_academica`,`idUser_maestro`),
  ADD KEY `fk_Formacion_academica_User_maestro1_idx` (`idUser_maestro`);

--
-- Indices de la tabla `grado`
--
ALTER TABLE `grado`
  ADD PRIMARY KEY (`idGrado`);

--
-- Indices de la tabla `horario`
--
ALTER TABLE `horario`
  ADD PRIMARY KEY (`idHorario`,`idCurso`,`idDia`,`idGrado`),
  ADD KEY `fk_Horario_Curso1_idx` (`idCurso`),
  ADD KEY `fk_Horario_Dia1_idx` (`idDia`),
  ADD KEY `fk_Horario_Grado1_idx` (`idGrado`);

--
-- Indices de la tabla `maestro_horario`
--
ALTER TABLE `maestro_horario`
  ADD PRIMARY KEY (`idUser_maestro`,`idHorario`),
  ADD KEY `fk_Maestro_Curso_User_maestro1_idx` (`idUser_maestro`),
  ADD KEY `fk_Maestro_Curso_Horario1_idx` (`idHorario`);

--
-- Indices de la tabla `parentesco`
--
ALTER TABLE `parentesco`
  ADD PRIMARY KEY (`idParentesco`);

--
-- Indices de la tabla `perfil`
--
ALTER TABLE `perfil`
  ADD PRIMARY KEY (`idPerfil`);

--
-- Indices de la tabla `perfil_educativo`
--
ALTER TABLE `perfil_educativo`
  ADD PRIMARY KEY (`idPerfil_educativo`,`idDia`,`idUser_maestro`),
  ADD KEY `fk_Perfil_educativo_Dia1_idx` (`idDia`),
  ADD KEY `fk_Perfil_educativo_User_maestro1_idx` (`idUser_maestro`);

--
-- Indices de la tabla `provincia`
--
ALTER TABLE `provincia`
  ADD PRIMARY KEY (`idProvincia`,`idDepartamento`),
  ADD KEY `fk_Provincia_Departamento1_idx` (`idDepartamento`);

--
-- Indices de la tabla `tipo_evaluacion`
--
ALTER TABLE `tipo_evaluacion`
  ADD PRIMARY KEY (`idTipo_evaluacion`);

--
-- Indices de la tabla `user_estudiante`
--
ALTER TABLE `user_estudiante`
  ADD PRIMARY KEY (`idUser_estudiante`,`idGrado`,`idUsuario`),
  ADD KEY `fk_User_estudiante_Aula1_idx` (`idGrado`),
  ADD KEY `fk_User_estudiante_Usuario1_idx` (`idUsuario`);

--
-- Indices de la tabla `user_maestro`
--
ALTER TABLE `user_maestro`
  ADD PRIMARY KEY (`idUser_maestro`,`idUsuario`),
  ADD KEY `fk_User_maestro_Usuario1_idx` (`idUsuario`);

--
-- Indices de la tabla `usuario`
--
ALTER TABLE `usuario`
  ADD PRIMARY KEY (`idUsuario`,`idPerfil`),
  ADD KEY `fk_Usuario_Perfil1_idx` (`idPerfil`);

--
-- AUTO_INCREMENT de las tablas volcadas
--

--
-- AUTO_INCREMENT de la tabla `asistencia`
--
ALTER TABLE `asistencia`
  MODIFY `idAsistencia` int(11) NOT NULL AUTO_INCREMENT, AUTO_INCREMENT=28;

--
-- AUTO_INCREMENT de la tabla `curso`
--
ALTER TABLE `curso`
  MODIFY `idCurso` int(11) NOT NULL AUTO_INCREMENT, AUTO_INCREMENT=14;

--
-- AUTO_INCREMENT de la tabla `datos_domicilio`
--
ALTER TABLE `datos_domicilio`
  MODIFY `idDatos_Domicilio` int(11) NOT NULL AUTO_INCREMENT, AUTO_INCREMENT=19;

--
-- AUTO_INCREMENT de la tabla `datos_personales`
--
ALTER TABLE `datos_personales`
  MODIFY `idDatos_Personales` int(11) NOT NULL AUTO_INCREMENT, AUTO_INCREMENT=30;

--
-- AUTO_INCREMENT de la tabla `datos_tutor`
--
ALTER TABLE `datos_tutor`
  MODIFY `idDatos_Tutor` int(11) NOT NULL AUTO_INCREMENT, AUTO_INCREMENT=5;

--
-- AUTO_INCREMENT de la tabla `departamento`
--
ALTER TABLE `departamento`
  MODIFY `idDepartamento` int(11) NOT NULL AUTO_INCREMENT, AUTO_INCREMENT=26;

--
-- AUTO_INCREMENT de la tabla `dia`
--
ALTER TABLE `dia`
  MODIFY `idDia` int(11) NOT NULL AUTO_INCREMENT, AUTO_INCREMENT=6;

--
-- AUTO_INCREMENT de la tabla `distrito`
--
ALTER TABLE `distrito`
  MODIFY `idDistrito` int(11) NOT NULL AUTO_INCREMENT, AUTO_INCREMENT=1239;

--
-- AUTO_INCREMENT de la tabla `evaluacion`
--
ALTER TABLE `evaluacion`
  MODIFY `idEvaluacion` int(11) NOT NULL AUTO_INCREMENT, AUTO_INCREMENT=6;

--
-- AUTO_INCREMENT de la tabla `formacion_academica`
--
ALTER TABLE `formacion_academica`
  MODIFY `idFormacion_academica` int(11) NOT NULL AUTO_INCREMENT, AUTO_INCREMENT=7;

--
-- AUTO_INCREMENT de la tabla `horario`
--
ALTER TABLE `horario`
  MODIFY `idHorario` int(11) NOT NULL AUTO_INCREMENT, AUTO_INCREMENT=34;

--
-- AUTO_INCREMENT de la tabla `parentesco`
--
ALTER TABLE `parentesco`
  MODIFY `idParentesco` int(11) NOT NULL AUTO_INCREMENT, AUTO_INCREMENT=7;

--
-- AUTO_INCREMENT de la tabla `perfil`
--
ALTER TABLE `perfil`
  MODIFY `idPerfil` int(11) NOT NULL AUTO_INCREMENT, AUTO_INCREMENT=4;

--
-- AUTO_INCREMENT de la tabla `perfil_educativo`
--
ALTER TABLE `perfil_educativo`
  MODIFY `idPerfil_educativo` int(11) NOT NULL AUTO_INCREMENT, AUTO_INCREMENT=4;

--
-- AUTO_INCREMENT de la tabla `provincia`
--
ALTER TABLE `provincia`
  MODIFY `idProvincia` int(11) NOT NULL AUTO_INCREMENT, AUTO_INCREMENT=196;

--
-- AUTO_INCREMENT de la tabla `tipo_evaluacion`
--
ALTER TABLE `tipo_evaluacion`
  MODIFY `idTipo_evaluacion` int(11) NOT NULL AUTO_INCREMENT, AUTO_INCREMENT=4;

--
-- AUTO_INCREMENT de la tabla `user_estudiante`
--
ALTER TABLE `user_estudiante`
  MODIFY `idUser_estudiante` int(11) NOT NULL AUTO_INCREMENT, AUTO_INCREMENT=16;

--
-- AUTO_INCREMENT de la tabla `user_maestro`
--
ALTER TABLE `user_maestro`
  MODIFY `idUser_maestro` int(11) NOT NULL AUTO_INCREMENT, AUTO_INCREMENT=11;

--
-- AUTO_INCREMENT de la tabla `usuario`
--
ALTER TABLE `usuario`
  MODIFY `idUsuario` int(11) NOT NULL AUTO_INCREMENT, AUTO_INCREMENT=38;

--
-- Restricciones para tablas volcadas
--

--
-- Filtros para la tabla `asistencia`
--
ALTER TABLE `asistencia`
  ADD CONSTRAINT `fk_Asistencia_User_estudiante` FOREIGN KEY (`idUser_estudiante`) REFERENCES `user_estudiante` (`idUser_estudiante`) ON DELETE NO ACTION ON UPDATE NO ACTION;

--
-- Filtros para la tabla `calificacion`
--
ALTER TABLE `calificacion`
  ADD CONSTRAINT `fk_Calificacion_Tipo_Evaluacion1` FOREIGN KEY (`idEvaluacion`) REFERENCES `evaluacion` (`idEvaluacion`) ON DELETE NO ACTION ON UPDATE NO ACTION,
  ADD CONSTRAINT `fk_Calificacion_User_estudiante1` FOREIGN KEY (`idUser_estudiante`) REFERENCES `user_estudiante` (`idUser_estudiante`) ON DELETE NO ACTION ON UPDATE NO ACTION,
  ADD CONSTRAINT `fk_curso` FOREIGN KEY (`idCurso`) REFERENCES `curso` (`idCurso`) ON DELETE CASCADE ON UPDATE CASCADE;

--
-- Filtros para la tabla `datos_domicilio`
--
ALTER TABLE `datos_domicilio`
  ADD CONSTRAINT `fk_Datos_Domicilio_Departamento1` FOREIGN KEY (`idDepartamento`) REFERENCES `departamento` (`idDepartamento`) ON DELETE NO ACTION ON UPDATE NO ACTION,
  ADD CONSTRAINT `fk_Datos_Domicilio_Distrito1` FOREIGN KEY (`idDistrito`) REFERENCES `distrito` (`idDistrito`) ON DELETE NO ACTION ON UPDATE NO ACTION,
  ADD CONSTRAINT `fk_Datos_Domicilio_Provincia1` FOREIGN KEY (`idProvincia`) REFERENCES `provincia` (`idProvincia`) ON DELETE NO ACTION ON UPDATE NO ACTION,
  ADD CONSTRAINT `fk_Datos_Domicilio_Usuario1` FOREIGN KEY (`idUsuario`) REFERENCES `usuario` (`idUsuario`) ON DELETE NO ACTION ON UPDATE NO ACTION;

--
-- Filtros para la tabla `datos_personales`
--
ALTER TABLE `datos_personales`
  ADD CONSTRAINT `fk_Datos_Personales_Usuario1` FOREIGN KEY (`idUsuario`) REFERENCES `usuario` (`idUsuario`) ON DELETE NO ACTION ON UPDATE NO ACTION;

--
-- Filtros para la tabla `datos_tutor`
--
ALTER TABLE `datos_tutor`
  ADD CONSTRAINT `fk_Datos_Tutor_Parentesco1` FOREIGN KEY (`idParentesco`) REFERENCES `parentesco` (`idParentesco`) ON DELETE NO ACTION ON UPDATE NO ACTION,
  ADD CONSTRAINT `fk_Datos_Tutor_User_estudiante1` FOREIGN KEY (`idUser_estudiante`) REFERENCES `user_estudiante` (`idUser_estudiante`) ON DELETE NO ACTION ON UPDATE NO ACTION;

--
-- Filtros para la tabla `distrito`
--
ALTER TABLE `distrito`
  ADD CONSTRAINT `fk_Distrito_Provincia1` FOREIGN KEY (`idProvincia`) REFERENCES `provincia` (`idProvincia`) ON DELETE NO ACTION ON UPDATE NO ACTION;

--
-- Filtros para la tabla `estudiante_horario`
--
ALTER TABLE `estudiante_horario`
  ADD CONSTRAINT `fk_Datos_curso_has_User_estudiante_User_estudiante1` FOREIGN KEY (`idUser_estudiante`) REFERENCES `user_estudiante` (`idUser_estudiante`) ON DELETE NO ACTION ON UPDATE NO ACTION,
  ADD CONSTRAINT `fk_Estudiante_Curso_Horario1` FOREIGN KEY (`idHorario`) REFERENCES `horario` (`idHorario`) ON DELETE NO ACTION ON UPDATE NO ACTION;

--
-- Filtros para la tabla `evaluacion`
--
ALTER TABLE `evaluacion`
  ADD CONSTRAINT `fk_tipo_evaluacion` FOREIGN KEY (`idTipo_evaluacion`) REFERENCES `tipo_evaluacion` (`idTipo_evaluacion`) ON DELETE CASCADE ON UPDATE CASCADE;

--
-- Filtros para la tabla `formacion_academica`
--
ALTER TABLE `formacion_academica`
  ADD CONSTRAINT `fk_Formacion_academica_User_maestro1` FOREIGN KEY (`idUser_maestro`) REFERENCES `user_maestro` (`idUser_maestro`) ON DELETE NO ACTION ON UPDATE NO ACTION;

--
-- Filtros para la tabla `horario`
--
ALTER TABLE `horario`
  ADD CONSTRAINT `fk_Horario_Curso1` FOREIGN KEY (`idCurso`) REFERENCES `curso` (`idCurso`) ON DELETE NO ACTION ON UPDATE NO ACTION,
  ADD CONSTRAINT `fk_Horario_Dia1` FOREIGN KEY (`idDia`) REFERENCES `dia` (`idDia`) ON DELETE NO ACTION ON UPDATE NO ACTION,
  ADD CONSTRAINT `fk_Horario_Grado1` FOREIGN KEY (`idGrado`) REFERENCES `grado` (`idGrado`) ON DELETE NO ACTION ON UPDATE NO ACTION;

--
-- Filtros para la tabla `maestro_horario`
--
ALTER TABLE `maestro_horario`
  ADD CONSTRAINT `fk_Maestro_Curso_Horario1` FOREIGN KEY (`idHorario`) REFERENCES `horario` (`idHorario`) ON DELETE NO ACTION ON UPDATE NO ACTION,
  ADD CONSTRAINT `fk_Maestro_Curso_User_maestro1` FOREIGN KEY (`idUser_maestro`) REFERENCES `user_maestro` (`idUser_maestro`) ON DELETE NO ACTION ON UPDATE NO ACTION;

--
-- Filtros para la tabla `perfil_educativo`
--
ALTER TABLE `perfil_educativo`
  ADD CONSTRAINT `fk_Perfil_educativo_Dia1` FOREIGN KEY (`idDia`) REFERENCES `dia` (`idDia`) ON DELETE NO ACTION ON UPDATE NO ACTION,
  ADD CONSTRAINT `fk_Perfil_educativo_User_maestro1` FOREIGN KEY (`idUser_maestro`) REFERENCES `user_maestro` (`idUser_maestro`) ON DELETE NO ACTION ON UPDATE NO ACTION;

--
-- Filtros para la tabla `provincia`
--
ALTER TABLE `provincia`
  ADD CONSTRAINT `fk_Provincia_Departamento1` FOREIGN KEY (`idDepartamento`) REFERENCES `departamento` (`idDepartamento`) ON DELETE NO ACTION ON UPDATE NO ACTION;

--
-- Filtros para la tabla `user_estudiante`
--
ALTER TABLE `user_estudiante`
  ADD CONSTRAINT `fk_User_estudiante_Aula1` FOREIGN KEY (`idGrado`) REFERENCES `grado` (`idGrado`) ON DELETE NO ACTION ON UPDATE NO ACTION,
  ADD CONSTRAINT `fk_User_estudiante_Usuario1` FOREIGN KEY (`idUsuario`) REFERENCES `usuario` (`idUsuario`) ON DELETE NO ACTION ON UPDATE NO ACTION;

--
-- Filtros para la tabla `user_maestro`
--
ALTER TABLE `user_maestro`
  ADD CONSTRAINT `fk_User_maestro_Usuario1` FOREIGN KEY (`idUsuario`) REFERENCES `usuario` (`idUsuario`) ON DELETE NO ACTION ON UPDATE NO ACTION;

--
-- Filtros para la tabla `usuario`
--
ALTER TABLE `usuario`
  ADD CONSTRAINT `fk_Usuario_Perfil1` FOREIGN KEY (`idPerfil`) REFERENCES `perfil` (`idPerfil`) ON DELETE NO ACTION ON UPDATE NO ACTION;
COMMIT;
